-- --------------------------------------------------------
-- Host:                         localhost
-- Server version:               8.0.30 - MySQL Community Server - GPL
-- Server OS:                    Win64
-- HeidiSQL Version:             12.1.0.6537
-- --------------------------------------------------------

/*!40101 SET @OLD_CHARACTER_SET_CLIENT=@@CHARACTER_SET_CLIENT */;
/*!40101 SET NAMES utf8 */;
/*!50503 SET NAMES utf8mb4 */;
/*!40103 SET @OLD_TIME_ZONE=@@TIME_ZONE */;
/*!40103 SET TIME_ZONE='+00:00' */;
/*!40014 SET @OLD_FOREIGN_KEY_CHECKS=@@FOREIGN_KEY_CHECKS, FOREIGN_KEY_CHECKS=0 */;
/*!40101 SET @OLD_SQL_MODE=@@SQL_MODE, SQL_MODE='NO_AUTO_VALUE_ON_ZERO' */;
/*!40111 SET @OLD_SQL_NOTES=@@SQL_NOTES, SQL_NOTES=0 */;


-- Dumping database structure for smea
CREATE DATABASE IF NOT EXISTS `smea` /*!40100 DEFAULT CHARACTER SET utf8mb4 COLLATE utf8mb4_general_ci */ /*!80016 DEFAULT ENCRYPTION='N' */;
USE `smea`;

-- Dumping structure for table smea.als
CREATE TABLE IF NOT EXISTS `als` (
  `id` int NOT NULL AUTO_INCREMENT,
  `type` varchar(50) COLLATE utf8mb4_general_ci DEFAULT NULL,
  `year` varchar(50) COLLATE utf8mb4_general_ci DEFAULT NULL,
  `value` text COLLATE utf8mb4_general_ci,
  `updated_at` timestamp NULL DEFAULT CURRENT_TIMESTAMP ON UPDATE CURRENT_TIMESTAMP,
  `created_at` timestamp NULL DEFAULT CURRENT_TIMESTAMP,
  PRIMARY KEY (`id`)
) ENGINE=InnoDB DEFAULT CHARSET=utf8mb4 COLLATE=utf8mb4_general_ci;

-- Dumping data for table smea.als: ~0 rows (approximately)

-- Dumping structure for table smea.attendance_summary
CREATE TABLE IF NOT EXISTS `attendance_summary` (
  `summary_id` int NOT NULL AUTO_INCREMENT,
  `school_id` int DEFAULT NULL,
  `grade_level_id` int DEFAULT NULL,
  `gender` tinyint DEFAULT NULL COMMENT '1 - male, 2 - female',
  `type` varchar(50) COLLATE utf8mb4_general_ci DEFAULT NULL,
  `count` int DEFAULT NULL,
  `quarter` int DEFAULT NULL,
  `year` int DEFAULT NULL,
  `last_user_save` int NOT NULL,
  `updated_at` timestamp NULL DEFAULT CURRENT_TIMESTAMP ON UPDATE CURRENT_TIMESTAMP,
  `created_at` timestamp NULL DEFAULT CURRENT_TIMESTAMP,
  PRIMARY KEY (`summary_id`),
  KEY `type` (`type`) USING BTREE,
  KEY `quarter` (`quarter`) USING BTREE,
  KEY `year` (`year`) USING BTREE,
  KEY `school_id` (`school_id`) USING BTREE,
  KEY `grade_level_id` (`grade_level_id`) USING BTREE,
  KEY `FK_attendance_summary_users` (`last_user_save`),
  CONSTRAINT `FK_attendance_summary_grade_level` FOREIGN KEY (`grade_level_id`) REFERENCES `grade_level` (`id`),
  CONSTRAINT `FK_attendance_summary_schools` FOREIGN KEY (`school_id`) REFERENCES `schools` (`id`),
  CONSTRAINT `FK_attendance_summary_users` FOREIGN KEY (`last_user_save`) REFERENCES `users` (`id`)
) ENGINE=InnoDB AUTO_INCREMENT=5 DEFAULT CHARSET=utf8mb4 COLLATE=utf8mb4_general_ci;

-- Dumping data for table smea.attendance_summary: ~4 rows (approximately)
INSERT INTO `attendance_summary` (`summary_id`, `school_id`, `grade_level_id`, `gender`, `type`, `count`, `quarter`, `year`, `last_user_save`, `updated_at`, `created_at`) VALUES
	(1, 1, 1, 1, 'als', 25, 4, 8, 6, '2024-12-04 14:41:31', '2024-12-04 14:41:31'),
	(2, 1, 1, 1, 'als', 22, 1, 8, 6, '2024-12-04 14:41:38', '2024-12-04 14:41:38'),
	(3, 2, 1, 1, 'als', 32, 2, 8, 6, '2024-12-04 14:41:43', '2024-12-04 14:41:43'),
	(4, 2, 1, 2, 'als', 66, 3, 8, 6, '2024-12-04 14:41:49', '2024-12-04 14:41:49');

-- Dumping structure for table smea.edit_requests
CREATE TABLE IF NOT EXISTS `edit_requests` (
  `id` int NOT NULL AUTO_INCREMENT,
  `school_id` int NOT NULL,
  `type` varchar(50) COLLATE utf8mb4_general_ci NOT NULL,
  `grade_level` int NOT NULL,
  `gender` varchar(10) COLLATE utf8mb4_general_ci NOT NULL,
  `reason` text COLLATE utf8mb4_general_ci NOT NULL,
  `requested_by` int NOT NULL,
  `processed_by` int DEFAULT NULL,
  `status` enum('pending','approved','denied') COLLATE utf8mb4_general_ci DEFAULT 'pending',
  `request_date` timestamp NULL DEFAULT CURRENT_TIMESTAMP,
  `processed_date` timestamp NULL DEFAULT NULL,
  PRIMARY KEY (`id`),
  KEY `requested_by` (`requested_by`),
  KEY `processed_by` (`processed_by`),
  CONSTRAINT `edit_requests_ibfk_1` FOREIGN KEY (`requested_by`) REFERENCES `users` (`id`),
  CONSTRAINT `edit_requests_ibfk_2` FOREIGN KEY (`processed_by`) REFERENCES `users` (`id`)
) ENGINE=InnoDB DEFAULT CHARSET=utf8mb4 COLLATE=utf8mb4_general_ci;

-- Dumping data for table smea.edit_requests: ~0 rows (approximately)

-- Dumping structure for table smea.equity_assessment
CREATE TABLE IF NOT EXISTS `equity_assessment` (
  `id` int NOT NULL AUTO_INCREMENT,
  `school_id` int NOT NULL,
  `grade_level` int DEFAULT NULL,
  `gender` tinyint DEFAULT NULL,
  `type` varchar(50) COLLATE utf8mb4_general_ci NOT NULL,
  `count` int NOT NULL DEFAULT '0',
  `points` int DEFAULT NULL,
  `quarter` int NOT NULL,
  `year` int NOT NULL,
  `last_user_save` int NOT NULL,
  `created_at` timestamp NULL DEFAULT CURRENT_TIMESTAMP,
  `updated_at` timestamp NULL DEFAULT CURRENT_TIMESTAMP ON UPDATE CURRENT_TIMESTAMP,
  PRIMARY KEY (`id`),
  KEY `school_id` (`school_id`),
  KEY `grade_level` (`grade_level`),
  KEY `last_user_save` (`last_user_save`),
  CONSTRAINT `equity_assessment_ibfk_1` FOREIGN KEY (`school_id`) REFERENCES `schools` (`id`),
  CONSTRAINT `equity_assessment_ibfk_2` FOREIGN KEY (`grade_level`) REFERENCES `grade_level` (`id`),
  CONSTRAINT `equity_assessment_ibfk_3` FOREIGN KEY (`last_user_save`) REFERENCES `users` (`id`)
) ENGINE=InnoDB AUTO_INCREMENT=314 DEFAULT CHARSET=utf8mb4 COLLATE=utf8mb4_general_ci;

-- Dumping data for table smea.equity_assessment: ~262 rows (approximately)
INSERT INTO `equity_assessment` (`id`, `school_id`, `grade_level`, `gender`, `type`, `count`, `points`, `quarter`, `year`, `last_user_save`, `created_at`, `updated_at`) VALUES
	(40, 1, 1, 1, 'sbfp', 3, NULL, 4, 2025, 6, '2024-12-03 06:22:29', '2024-12-03 06:38:21'),
	(41, 2, 1, 1, 'sbfp', 3, NULL, 4, 2025, 6, '2024-12-03 06:22:29', '2024-12-03 06:38:21'),
	(42, 3, 1, 1, 'sbfp', 3, NULL, 4, 2025, 6, '2024-12-03 06:22:29', '2024-12-03 06:38:21'),
	(43, 4, 1, 1, 'sbfp', 3, NULL, 4, 2025, 6, '2024-12-03 06:22:29', '2024-12-03 06:38:21'),
	(44, 5, 1, 1, 'sbfp', 3, NULL, 4, 2025, 6, '2024-12-03 06:22:29', '2024-12-03 06:38:21'),
	(45, 6, 1, 1, 'sbfp', 3, NULL, 4, 2025, 6, '2024-12-03 06:22:29', '2024-12-03 06:38:21'),
	(46, 7, 1, 1, 'sbfp', 3, NULL, 4, 2025, 6, '2024-12-03 06:22:29', '2024-12-03 06:38:21'),
	(47, 8, 1, 1, 'sbfp', 3, NULL, 4, 2025, 6, '2024-12-03 06:22:29', '2024-12-03 06:38:21'),
	(48, 9, 1, 1, 'sbfp', 3, NULL, 4, 2025, 6, '2024-12-03 06:22:29', '2024-12-03 06:38:21'),
	(49, 10, 1, 1, 'sbfp', 3, NULL, 4, 2025, 6, '2024-12-03 06:22:29', '2024-12-03 06:38:21'),
	(50, 11, 1, 1, 'sbfp', 3, NULL, 4, 2025, 6, '2024-12-03 06:22:29', '2024-12-03 06:22:29'),
	(51, 12, 1, 1, 'sbfp', 3, NULL, 4, 2025, 6, '2024-12-03 06:22:29', '2024-12-03 06:38:21'),
	(52, 13, 1, 1, 'sbfp', 3, NULL, 4, 2025, 6, '2024-12-03 06:22:29', '2024-12-03 06:38:21'),
	(53, 14, 1, 1, 'sbfp', 3, NULL, 4, 2025, 6, '2024-12-03 06:22:29', '2024-12-03 06:38:21'),
	(54, 15, 1, 1, 'sbfp', 3, NULL, 4, 2025, 6, '2024-12-03 06:22:29', '2024-12-03 06:38:21'),
	(55, 16, 1, 1, 'sbfp', 3, NULL, 4, 2025, 6, '2024-12-03 06:22:29', '2024-12-03 06:38:21'),
	(56, 17, 1, 1, 'sbfp', 3, NULL, 4, 2025, 6, '2024-12-03 06:22:29', '2024-12-03 06:38:21'),
	(57, 1, 1, 2, 'sbfp', 12, NULL, 4, 2025, 6, '2024-12-03 06:22:29', '2024-12-03 06:22:29'),
	(58, 2, 1, 2, 'sbfp', 18, NULL, 4, 2025, 6, '2024-12-03 06:22:29', '2024-12-03 06:22:29'),
	(59, 3, 1, 2, 'sbfp', 6, NULL, 4, 2025, 6, '2024-12-03 06:22:29', '2024-12-03 06:22:29'),
	(60, 4, 1, 2, 'sbfp', 12, NULL, 4, 2025, 6, '2024-12-03 06:22:29', '2024-12-03 06:22:29'),
	(61, 5, 1, 2, 'sbfp', 9, NULL, 4, 2025, 6, '2024-12-03 06:22:29', '2024-12-03 06:22:29'),
	(62, 6, 1, 2, 'sbfp', 12, NULL, 4, 2025, 6, '2024-12-03 06:22:29', '2024-12-03 06:22:29'),
	(63, 7, 1, 2, 'sbfp', 16, NULL, 4, 2025, 6, '2024-12-03 06:22:29', '2024-12-03 06:22:29'),
	(64, 8, 1, 2, 'sbfp', 7, NULL, 4, 2025, 6, '2024-12-03 06:22:29', '2024-12-03 06:22:29'),
	(65, 9, 1, 2, 'sbfp', 8, NULL, 4, 2025, 6, '2024-12-03 06:22:29', '2024-12-03 06:22:29'),
	(66, 10, 1, 2, 'sbfp', 10, NULL, 4, 2025, 6, '2024-12-03 06:22:29', '2024-12-03 06:22:29'),
	(67, 11, 1, 2, 'sbfp', 3, NULL, 4, 2025, 6, '2024-12-03 06:22:29', '2024-12-03 06:22:29'),
	(68, 12, 1, 2, 'sbfp', 8, NULL, 4, 2025, 6, '2024-12-03 06:22:29', '2024-12-03 06:22:29'),
	(69, 13, 1, 2, 'sbfp', 25, NULL, 4, 2025, 6, '2024-12-03 06:22:29', '2024-12-03 06:22:29'),
	(70, 14, 1, 2, 'sbfp', 11, NULL, 4, 2025, 6, '2024-12-03 06:22:29', '2024-12-03 06:22:29'),
	(71, 15, 1, 2, 'sbfp', 23, NULL, 4, 2025, 6, '2024-12-03 06:22:29', '2024-12-03 06:22:29'),
	(72, 16, 1, 2, 'sbfp', 14, NULL, 4, 2025, 6, '2024-12-03 06:22:29', '2024-12-03 06:22:29'),
	(73, 17, 1, 2, 'sbfp', 2, NULL, 4, 2025, 6, '2024-12-03 06:22:29', '2024-12-03 06:22:29'),
	(74, 1, 2, 1, 'sbfp', 24, NULL, 4, 2025, 6, '2024-12-03 06:24:33', '2024-12-03 06:24:33'),
	(75, 2, 2, 1, 'sbfp', 21, NULL, 4, 2025, 6, '2024-12-03 06:24:33', '2024-12-03 06:24:33'),
	(76, 3, 2, 1, 'sbfp', 7, NULL, 4, 2025, 6, '2024-12-03 06:24:33', '2024-12-03 06:24:33'),
	(77, 4, 2, 1, 'sbfp', 17, NULL, 4, 2025, 6, '2024-12-03 06:24:33', '2024-12-03 06:24:33'),
	(78, 5, 2, 1, 'sbfp', 12, NULL, 4, 2025, 6, '2024-12-03 06:24:33', '2024-12-03 06:24:33'),
	(79, 6, 2, 1, 'sbfp', 7, NULL, 4, 2025, 6, '2024-12-03 06:24:33', '2024-12-03 06:24:33'),
	(80, 7, 2, 1, 'sbfp', 11, NULL, 4, 2025, 6, '2024-12-03 06:24:33', '2024-12-03 06:24:33'),
	(81, 8, 2, 1, 'sbfp', 8, NULL, 4, 2025, 6, '2024-12-03 06:24:33', '2024-12-03 06:24:33'),
	(82, 9, 2, 1, 'sbfp', 15, NULL, 4, 2025, 6, '2024-12-03 06:24:33', '2024-12-03 06:24:33'),
	(83, 10, 2, 1, 'sbfp', 15, NULL, 4, 2025, 6, '2024-12-03 06:24:33', '2024-12-03 06:24:33'),
	(84, 11, 2, 1, 'sbfp', 9, NULL, 4, 2025, 6, '2024-12-03 06:24:33', '2024-12-03 06:24:33'),
	(85, 12, 2, 1, 'sbfp', 9, NULL, 4, 2025, 6, '2024-12-03 06:24:33', '2024-12-03 06:24:33'),
	(86, 13, 2, 1, 'sbfp', 23, NULL, 4, 2025, 6, '2024-12-03 06:24:33', '2024-12-03 06:24:33'),
	(87, 14, 2, 1, 'sbfp', 19, NULL, 4, 2025, 6, '2024-12-03 06:24:33', '2024-12-03 06:24:33'),
	(88, 15, 2, 1, 'sbfp', 11, NULL, 4, 2025, 6, '2024-12-03 06:24:33', '2024-12-03 06:24:33'),
	(89, 16, 2, 1, 'sbfp', 16, NULL, 4, 2025, 6, '2024-12-03 06:24:33', '2024-12-03 06:24:33'),
	(90, 17, 2, 1, 'sbfp', 12, NULL, 4, 2025, 6, '2024-12-03 06:24:33', '2024-12-03 06:24:33'),
	(91, 1, 2, 2, 'sbfp', 14, NULL, 4, 2025, 6, '2024-12-03 06:24:33', '2024-12-03 06:24:33'),
	(92, 2, 2, 2, 'sbfp', 33, NULL, 4, 2025, 6, '2024-12-03 06:24:33', '2024-12-03 06:24:33'),
	(93, 3, 2, 2, 'sbfp', 5, NULL, 4, 2025, 6, '2024-12-03 06:24:33', '2024-12-03 06:24:33'),
	(94, 4, 2, 2, 'sbfp', 8, NULL, 4, 2025, 6, '2024-12-03 06:24:33', '2024-12-03 06:24:33'),
	(95, 5, 2, 2, 'sbfp', 14, NULL, 4, 2025, 6, '2024-12-03 06:24:33', '2024-12-03 06:24:33'),
	(96, 6, 2, 2, 'sbfp', 9, NULL, 4, 2025, 6, '2024-12-03 06:24:33', '2024-12-03 06:24:33'),
	(97, 7, 2, 2, 'sbfp', 11, NULL, 4, 2025, 6, '2024-12-03 06:24:33', '2024-12-03 06:24:33'),
	(98, 8, 2, 2, 'sbfp', 5, NULL, 4, 2025, 6, '2024-12-03 06:24:33', '2024-12-03 06:24:33'),
	(99, 9, 2, 2, 'sbfp', 12, NULL, 4, 2025, 6, '2024-12-03 06:24:33', '2024-12-03 06:24:33'),
	(100, 10, 2, 2, 'sbfp', 5, NULL, 4, 2025, 6, '2024-12-03 06:24:33', '2024-12-03 06:24:33'),
	(101, 11, 2, 2, 'sbfp', 8, NULL, 4, 2025, 6, '2024-12-03 06:24:33', '2024-12-03 06:24:33'),
	(102, 12, 2, 2, 'sbfp', 5, NULL, 4, 2025, 6, '2024-12-03 06:24:33', '2024-12-03 06:24:33'),
	(103, 13, 2, 2, 'sbfp', 19, NULL, 4, 2025, 6, '2024-12-03 06:24:33', '2024-12-03 06:24:33'),
	(104, 14, 2, 2, 'sbfp', 14, NULL, 4, 2025, 6, '2024-12-03 06:24:33', '2024-12-03 06:24:33'),
	(105, 15, 2, 2, 'sbfp', 16, NULL, 4, 2025, 6, '2024-12-03 06:24:33', '2024-12-03 06:24:33'),
	(106, 16, 2, 2, 'sbfp', 12, NULL, 4, 2025, 6, '2024-12-03 06:24:33', '2024-12-03 06:24:33'),
	(107, 17, 2, 2, 'sbfp', 5, NULL, 4, 2025, 6, '2024-12-03 06:24:33', '2024-12-03 06:24:33'),
	(108, 1, 3, 1, 'sbfp', 21, NULL, 4, 2025, 6, '2024-12-03 06:25:57', '2024-12-03 06:25:57'),
	(109, 2, 3, 1, 'sbfp', 6, NULL, 4, 2025, 6, '2024-12-03 06:25:57', '2024-12-03 06:25:57'),
	(110, 3, 3, 1, 'sbfp', 3, NULL, 4, 2025, 6, '2024-12-03 06:25:57', '2024-12-03 06:25:57'),
	(111, 4, 3, 1, 'sbfp', 9, NULL, 4, 2025, 6, '2024-12-03 06:25:57', '2024-12-03 06:25:57'),
	(112, 5, 3, 1, 'sbfp', 12, NULL, 4, 2025, 6, '2024-12-03 06:25:57', '2024-12-03 06:25:57'),
	(113, 6, 3, 1, 'sbfp', 7, NULL, 4, 2025, 6, '2024-12-03 06:25:57', '2024-12-03 06:25:57'),
	(114, 7, 3, 1, 'sbfp', 13, NULL, 4, 2025, 6, '2024-12-03 06:25:57', '2024-12-03 06:25:57'),
	(115, 8, 3, 1, 'sbfp', 5, NULL, 4, 2025, 6, '2024-12-03 06:25:57', '2024-12-03 06:25:57'),
	(116, 9, 3, 1, 'sbfp', 3, NULL, 4, 2025, 6, '2024-12-03 06:25:57', '2024-12-03 06:25:57'),
	(117, 10, 3, 1, 'sbfp', 9, NULL, 4, 2025, 6, '2024-12-03 06:25:57', '2024-12-03 06:25:57'),
	(118, 11, 3, 1, 'sbfp', 11, NULL, 4, 2025, 6, '2024-12-03 06:25:57', '2024-12-03 06:25:57'),
	(119, 12, 3, 1, 'sbfp', 4, NULL, 4, 2025, 6, '2024-12-03 06:25:57', '2024-12-03 06:25:57'),
	(120, 13, 3, 1, 'sbfp', 14, NULL, 4, 2025, 6, '2024-12-03 06:25:57', '2024-12-03 06:25:57'),
	(121, 14, 3, 1, 'sbfp', 10, NULL, 4, 2025, 6, '2024-12-03 06:25:57', '2024-12-03 06:25:57'),
	(122, 15, 3, 1, 'sbfp', 15, NULL, 4, 2025, 6, '2024-12-03 06:25:57', '2024-12-03 06:25:57'),
	(123, 16, 3, 1, 'sbfp', 8, NULL, 4, 2025, 6, '2024-12-03 06:25:57', '2024-12-03 06:25:57'),
	(124, 17, 3, 1, 'sbfp', 8, NULL, 4, 2025, 6, '2024-12-03 06:25:57', '2024-12-03 06:25:57'),
	(125, 1, 3, 2, 'sbfp', 12, NULL, 4, 2025, 6, '2024-12-03 06:25:57', '2024-12-03 06:25:57'),
	(126, 2, 3, 2, 'sbfp', 10, NULL, 4, 2025, 6, '2024-12-03 06:25:57', '2024-12-03 06:25:57'),
	(127, 3, 3, 2, 'sbfp', 5, NULL, 4, 2025, 6, '2024-12-03 06:25:57', '2024-12-03 06:25:57'),
	(128, 4, 3, 2, 'sbfp', 9, NULL, 4, 2025, 6, '2024-12-03 06:25:57', '2024-12-03 06:25:57'),
	(129, 5, 3, 2, 'sbfp', 10, NULL, 4, 2025, 6, '2024-12-03 06:25:57', '2024-12-03 06:25:57'),
	(130, 6, 3, 2, 'sbfp', 4, NULL, 4, 2025, 6, '2024-12-03 06:25:57', '2024-12-03 06:25:57'),
	(131, 7, 3, 2, 'sbfp', 8, NULL, 4, 2025, 6, '2024-12-03 06:25:57', '2024-12-03 06:25:57'),
	(132, 8, 3, 2, 'sbfp', 9, NULL, 4, 2025, 6, '2024-12-03 06:25:57', '2024-12-03 06:25:57'),
	(133, 9, 3, 2, 'sbfp', 11, NULL, 4, 2025, 6, '2024-12-03 06:25:57', '2024-12-03 06:25:57'),
	(134, 10, 3, 2, 'sbfp', 4, NULL, 4, 2025, 6, '2024-12-03 06:25:57', '2024-12-03 06:25:57'),
	(135, 11, 3, 2, 'sbfp', 13, NULL, 4, 2025, 6, '2024-12-03 06:25:57', '2024-12-03 06:25:57'),
	(136, 12, 3, 2, 'sbfp', 7, NULL, 4, 2025, 6, '2024-12-03 06:25:57', '2024-12-03 06:25:57'),
	(137, 13, 3, 2, 'sbfp', 13, NULL, 4, 2025, 6, '2024-12-03 06:25:57', '2024-12-03 06:25:57'),
	(138, 14, 3, 2, 'sbfp', 8, NULL, 4, 2025, 6, '2024-12-03 06:25:57', '2024-12-03 06:25:57'),
	(139, 15, 3, 2, 'sbfp', 5, NULL, 4, 2025, 6, '2024-12-03 06:25:57', '2024-12-03 06:25:57'),
	(140, 16, 3, 2, 'sbfp', 4, NULL, 4, 2025, 6, '2024-12-03 06:25:57', '2024-12-03 06:25:57'),
	(141, 17, 3, 2, 'sbfp', 11, NULL, 4, 2025, 6, '2024-12-03 06:25:57', '2024-12-03 06:25:57'),
	(142, 1, 4, 1, 'sbfp', 12, NULL, 4, 2025, 6, '2024-12-03 06:28:33', '2024-12-03 06:28:33'),
	(143, 2, 4, 1, 'sbfp', 14, NULL, 4, 2025, 6, '2024-12-03 06:28:33', '2024-12-03 06:28:33'),
	(144, 3, 4, 1, 'sbfp', 6, NULL, 4, 2025, 6, '2024-12-03 06:28:33', '2024-12-03 06:28:33'),
	(145, 4, 4, 1, 'sbfp', 8, NULL, 4, 2025, 6, '2024-12-03 06:28:33', '2024-12-03 06:28:33'),
	(146, 5, 4, 1, 'sbfp', 8, NULL, 4, 2025, 6, '2024-12-03 06:28:33', '2024-12-03 06:28:33'),
	(147, 6, 4, 1, 'sbfp', 3, NULL, 4, 2025, 6, '2024-12-03 06:28:33', '2024-12-03 06:28:33'),
	(148, 7, 4, 1, 'sbfp', 10, NULL, 4, 2025, 6, '2024-12-03 06:28:33', '2024-12-03 06:28:33'),
	(149, 8, 4, 1, 'sbfp', 4, NULL, 4, 2025, 6, '2024-12-03 06:28:33', '2024-12-03 06:28:33'),
	(150, 9, 4, 1, 'sbfp', 5, NULL, 4, 2025, 6, '2024-12-03 06:28:33', '2024-12-03 06:28:33'),
	(151, 10, 4, 1, 'sbfp', 6, NULL, 4, 2025, 6, '2024-12-03 06:28:33', '2024-12-03 06:28:33'),
	(152, 11, 4, 1, 'sbfp', 11, NULL, 4, 2025, 6, '2024-12-03 06:28:33', '2024-12-03 06:28:33'),
	(153, 12, 4, 1, 'sbfp', 5, NULL, 4, 2025, 6, '2024-12-03 06:28:33', '2024-12-03 06:28:33'),
	(154, 13, 4, 1, 'sbfp', 9, NULL, 4, 2025, 6, '2024-12-03 06:28:33', '2024-12-03 06:28:33'),
	(155, 14, 4, 1, 'sbfp', 8, NULL, 4, 2025, 6, '2024-12-03 06:28:33', '2024-12-03 06:28:33'),
	(156, 15, 4, 1, 'sbfp', 7, NULL, 4, 2025, 6, '2024-12-03 06:28:33', '2024-12-03 06:28:33'),
	(157, 16, 4, 1, 'sbfp', 16, NULL, 4, 2025, 6, '2024-12-03 06:28:33', '2024-12-03 06:28:33'),
	(158, 17, 4, 1, 'sbfp', 11, NULL, 4, 2025, 6, '2024-12-03 06:28:33', '2024-12-03 06:28:33'),
	(159, 1, 4, 2, 'sbfp', 6, NULL, 4, 2025, 6, '2024-12-03 06:28:33', '2024-12-03 06:28:33'),
	(160, 2, 4, 2, 'sbfp', 20, NULL, 4, 2025, 6, '2024-12-03 06:28:33', '2024-12-03 06:28:33'),
	(161, 3, 4, 2, 'sbfp', 4, NULL, 4, 2025, 6, '2024-12-03 06:28:33', '2024-12-03 06:28:33'),
	(162, 4, 4, 2, 'sbfp', 11, NULL, 4, 2025, 6, '2024-12-03 06:28:34', '2024-12-03 06:28:34'),
	(163, 5, 4, 2, 'sbfp', 4, NULL, 4, 2025, 6, '2024-12-03 06:28:34', '2024-12-03 06:28:34'),
	(164, 6, 4, 2, 'sbfp', 4, NULL, 4, 2025, 6, '2024-12-03 06:28:34', '2024-12-03 06:28:34'),
	(165, 7, 4, 2, 'sbfp', 9, NULL, 4, 2025, 6, '2024-12-03 06:28:34', '2024-12-03 06:28:34'),
	(166, 8, 4, 2, 'sbfp', 5, NULL, 4, 2025, 6, '2024-12-03 06:28:34', '2024-12-03 06:28:34'),
	(167, 9, 4, 2, 'sbfp', 12, NULL, 4, 2025, 6, '2024-12-03 06:28:34', '2024-12-03 06:28:34'),
	(168, 10, 4, 2, 'sbfp', 12, NULL, 4, 2025, 6, '2024-12-03 06:28:34', '2024-12-03 06:28:34'),
	(169, 11, 4, 2, 'sbfp', 7, NULL, 4, 2025, 6, '2024-12-03 06:28:34', '2024-12-03 06:28:34'),
	(170, 12, 4, 2, 'sbfp', 2, NULL, 4, 2025, 6, '2024-12-03 06:28:34', '2024-12-03 06:28:34'),
	(171, 13, 4, 2, 'sbfp', 8, NULL, 4, 2025, 6, '2024-12-03 06:28:34', '2024-12-03 06:28:34'),
	(172, 14, 4, 2, 'sbfp', 5, NULL, 4, 2025, 6, '2024-12-03 06:28:34', '2024-12-03 06:28:34'),
	(173, 15, 4, 2, 'sbfp', 5, NULL, 4, 2025, 6, '2024-12-03 06:28:34', '2024-12-03 06:28:34'),
	(174, 16, 4, 2, 'sbfp', 14, NULL, 4, 2025, 6, '2024-12-03 06:28:34', '2024-12-03 06:28:34'),
	(175, 17, 4, 2, 'sbfp', 11, NULL, 4, 2025, 6, '2024-12-03 06:28:34', '2024-12-03 06:28:34'),
	(176, 1, 5, 1, 'sbfp', 10, NULL, 4, 2025, 6, '2024-12-03 06:30:12', '2024-12-03 06:30:12'),
	(177, 2, 5, 1, 'sbfp', 5, NULL, 4, 2025, 6, '2024-12-03 06:30:12', '2024-12-03 06:30:12'),
	(178, 3, 5, 1, 'sbfp', 14, NULL, 4, 2025, 6, '2024-12-03 06:30:12', '2024-12-03 06:30:12'),
	(179, 4, 5, 1, 'sbfp', 11, NULL, 4, 2025, 6, '2024-12-03 06:30:12', '2024-12-03 06:30:12'),
	(180, 5, 5, 1, 'sbfp', 12, NULL, 4, 2025, 6, '2024-12-03 06:30:12', '2024-12-03 06:30:12'),
	(181, 6, 5, 1, 'sbfp', 6, NULL, 4, 2025, 6, '2024-12-03 06:30:12', '2024-12-03 06:30:12'),
	(182, 7, 5, 1, 'sbfp', 8, NULL, 4, 2025, 6, '2024-12-03 06:30:12', '2024-12-03 06:30:12'),
	(183, 8, 5, 1, 'sbfp', 4, NULL, 4, 2025, 6, '2024-12-03 06:30:12', '2024-12-03 06:30:12'),
	(184, 9, 5, 1, 'sbfp', 7, NULL, 4, 2025, 6, '2024-12-03 06:30:12', '2024-12-03 06:30:12'),
	(185, 10, 5, 1, 'sbfp', 10, NULL, 4, 2025, 6, '2024-12-03 06:30:12', '2024-12-03 06:30:12'),
	(186, 11, 5, 1, 'sbfp', 7, NULL, 4, 2025, 6, '2024-12-03 06:30:12', '2024-12-03 06:30:12'),
	(187, 12, 5, 1, 'sbfp', 4, NULL, 4, 2025, 6, '2024-12-03 06:30:12', '2024-12-03 06:30:12'),
	(188, 13, 5, 1, 'sbfp', 15, NULL, 4, 2025, 6, '2024-12-03 06:30:12', '2024-12-03 06:30:12'),
	(189, 14, 5, 1, 'sbfp', 8, NULL, 4, 2025, 6, '2024-12-03 06:30:12', '2024-12-03 06:30:12'),
	(190, 15, 5, 1, 'sbfp', 8, NULL, 4, 2025, 6, '2024-12-03 06:30:12', '2024-12-03 06:30:12'),
	(191, 16, 5, 1, 'sbfp', 6, NULL, 4, 2025, 6, '2024-12-03 06:30:12', '2024-12-03 06:30:12'),
	(192, 17, 5, 1, 'sbfp', 12, NULL, 4, 2025, 6, '2024-12-03 06:30:12', '2024-12-03 06:30:12'),
	(193, 1, 5, 2, 'sbfp', 13, NULL, 4, 2025, 6, '2024-12-03 06:30:12', '2024-12-03 06:30:12'),
	(194, 2, 5, 2, 'sbfp', 25, NULL, 4, 2025, 6, '2024-12-03 06:30:12', '2024-12-03 06:30:12'),
	(195, 3, 5, 2, 'sbfp', 5, NULL, 4, 2025, 6, '2024-12-03 06:30:12', '2024-12-03 06:30:12'),
	(196, 4, 5, 2, 'sbfp', 11, NULL, 4, 2025, 6, '2024-12-03 06:30:12', '2024-12-03 06:30:12'),
	(197, 5, 5, 2, 'sbfp', 11, NULL, 4, 2025, 6, '2024-12-03 06:30:12', '2024-12-03 06:30:12'),
	(198, 6, 5, 2, 'sbfp', 4, NULL, 4, 2025, 6, '2024-12-03 06:30:12', '2024-12-03 06:30:12'),
	(199, 7, 5, 2, 'sbfp', 6, NULL, 4, 2025, 6, '2024-12-03 06:30:12', '2024-12-03 06:30:12'),
	(200, 8, 5, 2, 'sbfp', 5, NULL, 4, 2025, 6, '2024-12-03 06:30:12', '2024-12-03 06:30:12'),
	(201, 9, 5, 2, 'sbfp', 7, NULL, 4, 2025, 6, '2024-12-03 06:30:12', '2024-12-03 06:30:12'),
	(202, 10, 5, 2, 'sbfp', 3, NULL, 4, 2025, 6, '2024-12-03 06:30:12', '2024-12-03 06:30:12'),
	(203, 11, 5, 2, 'sbfp', 6, NULL, 4, 2025, 6, '2024-12-03 06:30:12', '2024-12-03 06:30:12'),
	(204, 12, 5, 2, 'sbfp', 3, NULL, 4, 2025, 6, '2024-12-03 06:30:12', '2024-12-03 06:30:12'),
	(205, 13, 5, 2, 'sbfp', 6, NULL, 4, 2025, 6, '2024-12-03 06:30:12', '2024-12-03 06:30:12'),
	(206, 14, 5, 2, 'sbfp', 5, NULL, 4, 2025, 6, '2024-12-03 06:30:12', '2024-12-03 06:30:12'),
	(207, 15, 5, 2, 'sbfp', 4, NULL, 4, 2025, 6, '2024-12-03 06:30:12', '2024-12-03 06:30:12'),
	(208, 16, 5, 2, 'sbfp', 8, NULL, 4, 2025, 6, '2024-12-03 06:30:12', '2024-12-03 06:30:12'),
	(209, 17, 5, 2, 'sbfp', 9, NULL, 4, 2025, 6, '2024-12-03 06:30:12', '2024-12-03 06:30:12'),
	(210, 1, 6, 1, 'sbfp', 11, NULL, 4, 2025, 6, '2024-12-03 06:31:33', '2024-12-03 06:31:33'),
	(211, 2, 6, 1, 'sbfp', 9, NULL, 4, 2025, 6, '2024-12-03 06:31:33', '2024-12-03 06:31:33'),
	(212, 3, 6, 1, 'sbfp', 7, NULL, 4, 2025, 6, '2024-12-03 06:31:33', '2024-12-03 06:31:33'),
	(213, 4, 6, 1, 'sbfp', 10, NULL, 4, 2025, 6, '2024-12-03 06:31:33', '2024-12-03 06:31:33'),
	(214, 5, 6, 1, 'sbfp', 14, NULL, 4, 2025, 6, '2024-12-03 06:31:33', '2024-12-03 06:31:33'),
	(215, 6, 6, 1, 'sbfp', 7, NULL, 4, 2025, 6, '2024-12-03 06:31:33', '2024-12-03 06:31:33'),
	(216, 7, 6, 1, 'sbfp', 9, NULL, 4, 2025, 6, '2024-12-03 06:31:33', '2024-12-03 06:31:33'),
	(217, 8, 6, 1, 'sbfp', 6, NULL, 4, 2025, 6, '2024-12-03 06:31:33', '2024-12-03 06:31:33'),
	(218, 9, 6, 1, 'sbfp', 8, NULL, 4, 2025, 6, '2024-12-03 06:31:33', '2024-12-03 06:31:33'),
	(219, 10, 6, 1, 'sbfp', 7, NULL, 4, 2025, 6, '2024-12-03 06:31:33', '2024-12-03 06:31:33'),
	(220, 11, 6, 1, 'sbfp', 9, NULL, 4, 2025, 6, '2024-12-03 06:31:33', '2024-12-03 06:31:33'),
	(221, 12, 6, 1, 'sbfp', 5, NULL, 4, 2025, 6, '2024-12-03 06:31:33', '2024-12-03 06:31:33'),
	(222, 13, 6, 1, 'sbfp', 6, NULL, 4, 2025, 6, '2024-12-03 06:31:33', '2024-12-03 06:31:33'),
	(223, 14, 6, 1, 'sbfp', 4, NULL, 4, 2025, 6, '2024-12-03 06:31:33', '2024-12-03 06:31:33'),
	(224, 15, 6, 1, 'sbfp', 12, NULL, 4, 2025, 6, '2024-12-03 06:31:33', '2024-12-03 06:31:33'),
	(225, 16, 6, 1, 'sbfp', 11, NULL, 4, 2025, 6, '2024-12-03 06:31:33', '2024-12-03 06:31:33'),
	(226, 17, 6, 1, 'sbfp', 9, NULL, 4, 2025, 6, '2024-12-03 06:31:33', '2024-12-03 06:31:33'),
	(227, 1, 6, 2, 'sbfp', 9, NULL, 4, 2025, 6, '2024-12-03 06:31:33', '2024-12-03 06:31:33'),
	(228, 2, 6, 2, 'sbfp', 14, NULL, 4, 2025, 6, '2024-12-03 06:31:33', '2024-12-03 06:31:33'),
	(229, 3, 6, 2, 'sbfp', 7, NULL, 4, 2025, 6, '2024-12-03 06:31:33', '2024-12-03 06:31:33'),
	(230, 4, 6, 2, 'sbfp', 14, NULL, 4, 2025, 6, '2024-12-03 06:31:33', '2024-12-03 06:31:33'),
	(231, 5, 6, 2, 'sbfp', 11, NULL, 4, 2025, 6, '2024-12-03 06:31:33', '2024-12-03 06:31:33'),
	(232, 6, 6, 2, 'sbfp', 7, NULL, 4, 2025, 6, '2024-12-03 06:31:33', '2024-12-03 06:31:33'),
	(233, 7, 6, 2, 'sbfp', 4, NULL, 4, 2025, 6, '2024-12-03 06:31:33', '2024-12-03 06:31:33'),
	(234, 8, 6, 2, 'sbfp', 3, NULL, 4, 2025, 6, '2024-12-03 06:31:33', '2024-12-03 06:31:33'),
	(235, 9, 6, 2, 'sbfp', 14, NULL, 4, 2025, 6, '2024-12-03 06:31:33', '2024-12-03 06:31:33'),
	(236, 10, 6, 2, 'sbfp', 4, NULL, 4, 2025, 6, '2024-12-03 06:31:33', '2024-12-03 06:31:33'),
	(237, 11, 6, 2, 'sbfp', 3, NULL, 4, 2025, 6, '2024-12-03 06:31:33', '2024-12-03 06:31:33'),
	(238, 12, 6, 2, 'sbfp', 6, NULL, 4, 2025, 6, '2024-12-03 06:31:33', '2024-12-03 06:31:33'),
	(239, 13, 6, 2, 'sbfp', 8, NULL, 4, 2025, 6, '2024-12-03 06:31:33', '2024-12-03 06:31:33'),
	(240, 14, 6, 2, 'sbfp', 5, NULL, 4, 2025, 6, '2024-12-03 06:31:33', '2024-12-03 06:31:33'),
	(241, 15, 6, 2, 'sbfp', 14, NULL, 4, 2025, 6, '2024-12-03 06:31:33', '2024-12-03 06:31:33'),
	(242, 16, 6, 2, 'sbfp', 4, NULL, 4, 2025, 6, '2024-12-03 06:31:33', '2024-12-03 06:31:33'),
	(243, 17, 6, 2, 'sbfp', 9, NULL, 4, 2025, 6, '2024-12-03 06:31:33', '2024-12-03 06:31:33'),
	(244, 1, 7, 1, 'sbfp', 12, NULL, 4, 2025, 6, '2024-12-03 06:32:50', '2024-12-03 06:32:50'),
	(245, 2, 7, 1, 'sbfp', 9, NULL, 4, 2025, 6, '2024-12-03 06:32:50', '2024-12-03 06:32:50'),
	(246, 3, 7, 1, 'sbfp', 5, NULL, 4, 2025, 6, '2024-12-03 06:32:50', '2024-12-03 06:32:50'),
	(247, 4, 7, 1, 'sbfp', 16, NULL, 4, 2025, 6, '2024-12-03 06:32:50', '2024-12-03 06:32:50'),
	(248, 5, 7, 1, 'sbfp', 18, NULL, 4, 2025, 6, '2024-12-03 06:32:50', '2024-12-03 06:32:50'),
	(249, 6, 7, 1, 'sbfp', 14, NULL, 4, 2025, 6, '2024-12-03 06:32:50', '2024-12-03 06:32:50'),
	(250, 7, 7, 1, 'sbfp', 19, NULL, 4, 2025, 6, '2024-12-03 06:32:50', '2024-12-03 06:32:50'),
	(251, 8, 7, 1, 'sbfp', 2, NULL, 4, 2025, 6, '2024-12-03 06:32:50', '2024-12-03 06:32:50'),
	(252, 9, 7, 1, 'sbfp', 5, NULL, 4, 2025, 6, '2024-12-03 06:32:50', '2024-12-03 06:32:50'),
	(253, 10, 7, 1, 'sbfp', 12, NULL, 4, 2025, 6, '2024-12-03 06:32:50', '2024-12-03 06:32:50'),
	(254, 11, 7, 1, 'sbfp', 3, NULL, 4, 2025, 6, '2024-12-03 06:32:50', '2024-12-03 06:32:50'),
	(255, 12, 7, 1, 'sbfp', 5, NULL, 4, 2025, 6, '2024-12-03 06:32:50', '2024-12-03 06:32:50'),
	(256, 13, 7, 1, 'sbfp', 6, NULL, 4, 2025, 6, '2024-12-03 06:32:50', '2024-12-03 06:32:50'),
	(257, 14, 7, 1, 'sbfp', 4, NULL, 4, 2025, 6, '2024-12-03 06:32:50', '2024-12-03 06:32:50'),
	(258, 15, 7, 1, 'sbfp', 9, NULL, 4, 2025, 6, '2024-12-03 06:32:50', '2024-12-03 06:32:50'),
	(259, 16, 7, 1, 'sbfp', 15, NULL, 4, 2025, 6, '2024-12-03 06:32:50', '2024-12-03 06:32:50'),
	(260, 17, 7, 1, 'sbfp', 17, NULL, 4, 2025, 6, '2024-12-03 06:32:50', '2024-12-03 06:32:50'),
	(261, 1, 7, 2, 'sbfp', 6, NULL, 4, 2025, 6, '2024-12-03 06:32:50', '2024-12-03 06:32:50'),
	(262, 2, 7, 2, 'sbfp', 7, NULL, 4, 2025, 6, '2024-12-03 06:32:50', '2024-12-03 06:32:50'),
	(263, 3, 7, 2, 'sbfp', 1, NULL, 4, 2025, 6, '2024-12-03 06:32:50', '2024-12-03 06:32:50'),
	(264, 4, 7, 2, 'sbfp', 6, NULL, 4, 2025, 6, '2024-12-03 06:32:50', '2024-12-03 06:32:50'),
	(265, 5, 7, 2, 'sbfp', 18, NULL, 4, 2025, 6, '2024-12-03 06:32:50', '2024-12-03 06:32:50'),
	(266, 6, 7, 2, 'sbfp', 9, NULL, 4, 2025, 6, '2024-12-03 06:32:50', '2024-12-03 06:32:50'),
	(267, 7, 7, 2, 'sbfp', 14, NULL, 4, 2025, 6, '2024-12-03 06:32:50', '2024-12-03 06:32:50'),
	(268, 8, 7, 2, 'sbfp', 3, NULL, 4, 2025, 6, '2024-12-03 06:32:50', '2024-12-03 06:32:50'),
	(269, 9, 7, 2, 'sbfp', 9, NULL, 4, 2025, 6, '2024-12-03 06:32:50', '2024-12-03 06:32:50'),
	(270, 10, 7, 2, 'sbfp', 5, NULL, 4, 2025, 6, '2024-12-03 06:32:50', '2024-12-03 06:32:50'),
	(271, 11, 7, 2, 'sbfp', 8, NULL, 4, 2025, 6, '2024-12-03 06:32:50', '2024-12-03 06:32:50'),
	(272, 12, 7, 2, 'sbfp', 2, NULL, 4, 2025, 6, '2024-12-03 06:32:50', '2024-12-03 06:32:50'),
	(273, 13, 7, 2, 'sbfp', 6, NULL, 4, 2025, 6, '2024-12-03 06:32:50', '2024-12-03 06:32:50'),
	(274, 14, 7, 2, 'sbfp', 6, NULL, 4, 2025, 6, '2024-12-03 06:32:50', '2024-12-03 06:32:50'),
	(275, 15, 7, 2, 'sbfp', 10, NULL, 4, 2025, 6, '2024-12-03 06:32:50', '2024-12-03 06:32:50'),
	(276, 16, 7, 2, 'sbfp', 3, NULL, 4, 2025, 6, '2024-12-03 06:32:50', '2024-12-03 06:32:50'),
	(277, 17, 7, 2, 'sbfp', 11, NULL, 4, 2025, 6, '2024-12-03 06:32:50', '2024-12-03 06:32:50'),
	(290, 13, NULL, NULL, 'wash', 3, NULL, 4, 2024, 6, '2024-12-03 06:36:11', '2024-12-03 06:36:11'),
	(291, 14, NULL, NULL, 'wash', 3, NULL, 4, 2024, 6, '2024-12-03 06:36:11', '2024-12-03 06:36:11'),
	(292, 15, NULL, NULL, 'wash', 3, NULL, 4, 2024, 6, '2024-12-03 06:36:11', '2024-12-03 06:36:11'),
	(293, 16, NULL, NULL, 'wash', 3, NULL, 4, 2024, 6, '2024-12-03 06:36:11', '2024-12-03 06:36:11'),
	(294, 17, NULL, NULL, 'wash', 3, NULL, 4, 2024, 6, '2024-12-03 06:36:11', '2024-12-03 06:36:11'),
	(295, 1, NULL, NULL, 'cfs', 1, 25, 4, 2025, 6, '2024-12-03 06:40:32', '2024-12-03 06:40:32'),
	(296, 2, NULL, NULL, 'cfs', 1, 25, 4, 2025, 6, '2024-12-03 06:40:33', '2024-12-03 06:40:33'),
	(297, 3, NULL, NULL, 'cfs', 1, 25, 4, 2025, 6, '2024-12-03 06:40:33', '2024-12-03 06:40:33'),
	(298, 4, NULL, NULL, 'cfs', 1, 25, 4, 2025, 6, '2024-12-03 06:40:33', '2024-12-03 06:40:33'),
	(299, 5, NULL, NULL, 'cfs', 1, 25, 4, 2025, 6, '2024-12-03 06:40:33', '2024-12-03 06:40:33'),
	(300, 6, NULL, NULL, 'cfs', 1, 25, 4, 2025, 6, '2024-12-03 06:40:33', '2024-12-03 06:40:33'),
	(301, 8, NULL, NULL, 'cfs', 1, 25, 4, 2025, 6, '2024-12-03 06:40:33', '2024-12-03 06:40:33'),
	(302, 9, NULL, NULL, 'cfs', 1, 25, 4, 2025, 6, '2024-12-03 06:40:33', '2024-12-03 06:40:33'),
	(303, 10, NULL, NULL, 'cfs', 1, 25, 4, 2025, 6, '2024-12-03 06:40:33', '2024-12-03 06:40:33'),
	(304, 11, NULL, NULL, 'cfs', 1, 25, 4, 2025, 6, '2024-12-03 06:40:33', '2024-12-03 06:40:33'),
	(305, 12, NULL, NULL, 'cfs', 1, 25, 4, 2025, 6, '2024-12-03 06:40:33', '2024-12-03 06:40:33'),
	(306, 13, NULL, NULL, 'cfs', 1, 25, 4, 2025, 6, '2024-12-03 06:40:33', '2024-12-03 06:40:33'),
	(307, 14, NULL, NULL, 'cfs', 1, 25, 4, 2025, 6, '2024-12-03 06:40:33', '2024-12-03 06:40:33'),
	(308, 15, NULL, NULL, 'cfs', 1, 25, 4, 2025, 6, '2024-12-03 06:40:33', '2024-12-03 06:40:33'),
	(309, 16, NULL, NULL, 'cfs', 1, 25, 4, 2025, 6, '2024-12-03 06:40:33', '2024-12-03 06:40:33'),
	(310, 17, NULL, NULL, 'cfs', 1, 25, 4, 2025, 6, '2024-12-03 06:40:33', '2024-12-03 06:40:33'),
	(311, 1, NULL, NULL, 'cfs', 1, 30, 4, 2025, 6, '2024-12-03 06:40:33', '2024-12-03 06:40:33'),
	(312, 2, NULL, NULL, 'cfs', 1, 30, 4, 2025, 6, '2024-12-03 06:40:33', '2024-12-03 06:40:33'),
	(313, 1, NULL, NULL, 'wash', 5, NULL, 4, 2024, 6, '2024-12-04 13:08:56', '2024-12-04 13:08:56');

-- Dumping structure for table smea.grade_level
CREATE TABLE IF NOT EXISTS `grade_level` (
  `id` int NOT NULL AUTO_INCREMENT,
  `name` varchar(50) COLLATE utf8mb4_general_ci NOT NULL,
  `type` varchar(50) COLLATE utf8mb4_general_ci DEFAULT NULL,
  `updated_at` timestamp NULL DEFAULT CURRENT_TIMESTAMP ON UPDATE CURRENT_TIMESTAMP,
  `created_at` timestamp NULL DEFAULT CURRENT_TIMESTAMP,
  PRIMARY KEY (`id`) USING BTREE
) ENGINE=InnoDB AUTO_INCREMENT=14 DEFAULT CHARSET=utf8mb4 COLLATE=utf8mb4_general_ci;

-- Dumping data for table smea.grade_level: ~13 rows (approximately)
INSERT INTO `grade_level` (`id`, `name`, `type`, `updated_at`, `created_at`) VALUES
	(1, 'Kinder', 'elem', '2024-11-10 07:38:53', '2024-04-04 04:30:22'),
	(2, 'Grade 1', 'elem', '2024-11-10 07:38:55', '2024-04-04 04:30:22'),
	(3, 'Grade 2', 'elem', '2024-11-10 07:38:56', '2024-04-04 04:30:22'),
	(4, 'Grade 3', 'elem', '2024-11-10 07:38:55', '2024-04-04 04:30:22'),
	(5, 'Grade 4', 'elem', '2024-11-10 07:38:56', '2024-04-04 04:30:22'),
	(6, 'Grade 5', 'elem', '2024-11-10 07:38:57', '2024-04-04 04:30:22'),
	(7, 'Grade 6', 'elem', '2024-11-10 07:38:57', '2024-04-04 04:30:22'),
	(8, 'Grade 7', 'jhs', '2024-11-10 07:39:33', '2024-04-04 04:30:22'),
	(9, 'Grade 8', 'jhs', '2024-11-10 07:39:35', '2024-04-04 04:30:22'),
	(10, 'Grade 9', 'jhs', '2024-11-10 07:39:35', '2024-04-04 04:30:22'),
	(11, 'Grade 10', 'jhs', '2024-11-10 07:39:36', '2024-04-04 04:30:22'),
	(12, 'Grade 11', 'shs', '2024-11-10 07:39:40', '2024-04-04 04:30:22'),
	(13, 'Grade 12', 'shs', '2024-11-10 07:39:42', '2024-04-04 04:30:22');

-- Dumping structure for table smea.issues_and_concerns
CREATE TABLE IF NOT EXISTS `issues_and_concerns` (
  `id` int NOT NULL AUTO_INCREMENT,
  `school_id` int NOT NULL,
  `quarter` int NOT NULL,
  `year` int NOT NULL,
  `type` varchar(50) COLLATE utf8mb4_general_ci DEFAULT NULL,
  `issues` text COLLATE utf8mb4_general_ci,
  `facilitating_facts` text COLLATE utf8mb4_general_ci,
  `hindering_factors` text COLLATE utf8mb4_general_ci,
  `actions_taken` text COLLATE utf8mb4_general_ci,
  `last_user_save` int NOT NULL,
  `updated_at` timestamp NULL DEFAULT CURRENT_TIMESTAMP ON UPDATE CURRENT_TIMESTAMP,
  `created_at` timestamp NULL DEFAULT CURRENT_TIMESTAMP,
  PRIMARY KEY (`id`),
  KEY `FK_issues_and_concerns_schools` (`school_id`),
  CONSTRAINT `FK_issues_and_concerns_schools` FOREIGN KEY (`school_id`) REFERENCES `schools` (`id`)
) ENGINE=InnoDB AUTO_INCREMENT=131 DEFAULT CHARSET=utf8mb4 COLLATE=utf8mb4_general_ci;

-- Dumping data for table smea.issues_and_concerns: ~57 rows (approximately)
INSERT INTO `issues_and_concerns` (`id`, `school_id`, `quarter`, `year`, `type`, `issues`, `facilitating_facts`, `hindering_factors`, `actions_taken`, `last_user_save`, `updated_at`, `created_at`) VALUES
	(73, 2, 4, 2024, 'attendance', 'increasing number of severely wasted and wasted pupils', '', 'intake of unhealthy food due to pandemic', 'School canteen should offer food like arroz caldo with egg, camote, veggie burger, etc. Canteen should minimize and/or not offer junk foods, soft drinks and other unhealthy food for kids.', 5, '2024-11-10 08:47:10', '2024-10-07 05:24:36'),
	(75, 3, 4, 2024, 'attendance', 'Uncontrolled number of malnourished learners', 'Production of modules are equal with the number of learners', '*Economic status of family         *Some parents take for granted their child\'s health', 'Conduct advocacy on health and wellness to parents       *Involve parents to participate in school\'s activities/programs regarding health and wellness', 5, '2024-11-10 08:42:57', '2024-10-07 05:29:23'),
	(76, 2, 4, 2024, 'attendance', 'increasing number of severely wasted and wasted pupils', '', 'intake of unhealthy food due to pandemic', 'School canteen should offer food like arroz caldo with egg, camote, veggie burger, etc. Canteen should minimize and/or not offer junk foods, soft drinks and other unhealthy food for kids.', 5, '2024-11-10 08:42:56', '2024-10-07 05:36:38'),
	(77, 3, 4, 2024, 'attendance', 'Uncontrolled number of malnourished learners', 'Production of modules are equal with the number of learners', '*Economic status of family         *Some parents take for granted their child', 'Conduct advocacy on health and wellness to parents       *Involve parents to participate in school', 5, '2024-11-10 08:42:56', '2024-10-07 05:36:38'),
	(78, 2, 3, 2024, 'attendance', 'increasing number of severely wasted and wasted pupils', '', 'intake of unhealthy food due to pandemic', 'School canteen should offer food like arroz caldo with egg, camote, veggie burger, etc. Canteen should minimize and/or not offer junk foods, soft drinks and other unhealthy food for kids.', 5, '2024-11-10 08:42:55', '2024-10-08 12:54:57'),
	(79, 3, 3, 2024, 'attendance', 'Uncontrolled number of malnourished learners', 'Production of modules are equal with the number of learners', '*Economic status of family         *Some parents take for granted their child', 'Conduct advocacy on health and wellness to parents       *Involve parents to participate in school', 5, '2024-11-10 08:42:55', '2024-10-08 12:54:57'),
	(80, 8, 3, 2024, 'attendance', 'active and effective communication between the teachers, parents and stakeholder of the school.', 'parents notion regarding educating their pupils', 'poverty, parents and pupils participation', 'parent teacher orientation', 5, '2024-11-10 08:42:53', '2024-10-08 12:54:57'),
	(81, 9, 3, 2024, 'attendattendanceace', 'programs will implemented, effective communication between teachers and stakeholders', '', '', '', 5, '2024-11-10 08:42:54', '2024-10-08 12:54:57'),
	(82, 11, 3, 2024, 'attendance', 'active participation from the teachers and stakeholders on the different programs of the school. effective communication between the teachers and parents.', 'parents and pupils negative attitude towards education', 'poverty, pupils and parents participation', 'orientation/PTA meetings', 5, '2024-11-10 08:42:52', '2024-10-08 12:54:57'),
	(83, 12, 3, 2024, 'attendance', 'school coordinator and school are very active and well knowlegeable in implementing the program. teachers are actively helped facilitate and cooperate in doing their tasks. proper timeline in giving support and dessimination of information from division to school level.', 'pupils willingness to fully cooperate and engage in the program lack of technical support and assistance from partners school resources availabilty', 'lack of knowledge in conducting the program school resources availability pupils cooperation lack of support from stakeholders', 'coordinate from division and create a technical working commitee to ensure the smooth and effective implementation of the program. regular monitoring', 5, '2024-11-10 08:42:51', '2024-10-08 12:54:57'),
	(84, 14, 3, 2024, 'attendance', 'the school continue to practice resiliency and provide technical assistance for the safety of the learners', '', '', 'the school continue its program and implementation with appropriate schedule of time', 5, '2024-11-10 08:42:52', '2024-10-08 12:54:57'),
	(85, 16, 3, 2024, 'attendance', 'effective communication between teachers and stakeholders', 'the perspective of parents and students on education', 'poverty and the distance from home to school', 'inspire and encourage the parents to have confidence and positive mindset amidst adversities', 5, '2024-11-10 08:42:50', '2024-10-08 12:54:57'),
	(86, 17, 3, 2024, 'attendance', 'increased number of learners for SY 2023-2024. active participation of teachers and stakeholders', '', '', '', 5, '2024-11-10 08:42:50', '2024-10-08 12:54:57'),
	(87, 20, 3, 2024, 'attendance', 'school coordinator and school are very active and well knowlegeable in implementing the program. teachers are actively helped facilitate and cooperate in doing their tasks. proper timeline in giving support and dessimination of information from division to school level', 'students willingness to fully cooperate and engage in the program lack of technical support and assistance from partners school resources availability students cooperation lack of support from stakeholders', 'coordinate from division and create a technical working commitee to ensure the smooth and effective implementation of the program. regular monitoring', '', 5, '2024-11-10 08:42:49', '2024-10-08 12:54:57'),
	(88, 1, 4, 2024, 'equity', 'tax declaration only', '', '', '', 6, '2024-12-03 06:48:22', '2024-12-03 06:48:22'),
	(89, 2, 4, 2024, 'equity', 'tax declaration only', '', '', '', 6, '2024-12-03 06:48:22', '2024-12-03 06:48:22'),
	(90, 3, 4, 2024, 'equity', 'tax declaration only', '', '', '', 6, '2024-12-03 06:48:22', '2024-12-03 06:48:22'),
	(91, 4, 4, 2024, 'equity', 'tax declaration only', '', '', '', 6, '2024-12-03 06:48:22', '2024-12-03 06:48:22'),
	(92, 5, 4, 2024, 'equity', 'tax declaration only', '', '', '', 6, '2024-12-03 06:48:22', '2024-12-03 06:48:22'),
	(93, 6, 4, 2024, 'equity', 'deed of donation', '', '', '', 6, '2024-12-03 06:48:22', '2024-12-03 06:48:22'),
	(94, 7, 4, 2024, 'equity', 'deed of donation', '', '', '', 6, '2024-12-03 06:48:22', '2024-12-03 06:48:22'),
	(95, 8, 4, 2024, 'equity', 'deed of donation', '', '', '', 6, '2024-12-03 06:48:22', '2024-12-03 06:48:22'),
	(96, 9, 4, 2024, 'equity', 'deed of donation', '', '', '', 6, '2024-12-03 06:48:22', '2024-12-03 06:48:22'),
	(97, 10, 4, 2024, 'equity', 'tax declaration only', '', '', '', 6, '2024-12-03 06:48:22', '2024-12-03 06:48:22'),
	(98, 11, 4, 2024, 'equity', 'deed of donation only', '', '', '', 6, '2024-12-03 06:48:22', '2024-12-03 06:48:22'),
	(99, 12, 4, 2024, 'equity', 'deed of donation only', '', '', '', 6, '2024-12-03 06:48:22', '2024-12-03 06:48:22'),
	(100, 13, 4, 2024, 'equity', 'deed of donation only', '', '', '', 6, '2024-12-03 06:48:22', '2024-12-03 06:48:22'),
	(101, 14, 4, 2024, 'equity', 'deed of donation only', '', '', '', 6, '2024-12-03 06:48:22', '2024-12-03 06:48:22'),
	(102, 15, 4, 2024, 'equity', 'deed of donation only', '', '', '', 6, '2024-12-03 06:48:22', '2024-12-03 06:48:22'),
	(103, 16, 4, 2024, 'equity', 'deed of donation only', '', '', '', 6, '2024-12-03 06:48:22', '2024-12-03 06:48:22'),
	(104, 17, 4, 2024, 'equity', 'deed of donation only', '', '', '', 6, '2024-12-03 06:48:22', '2024-12-03 06:48:22'),
	(105, 18, 4, 2024, 'equity', 'deed of donation only', '', '', '', 6, '2024-12-03 06:48:22', '2024-12-03 06:48:22'),
	(106, 19, 4, 2024, 'equity', 'deed of donation only', '', '', '', 6, '2024-12-03 06:48:22', '2024-12-03 06:48:22'),
	(107, 20, 4, 2024, 'equity', 'deed of donation only', '', '', '', 6, '2024-12-03 06:48:22', '2024-12-03 06:48:22'),
	(108, 8, 3, 2024, 'rwb', 'parents notions regarding educating their pupils', 'active and effective communication between teachers, parents and stakeholders', 'poverty, parents and pupils participation', 'parent-teacher orientation', 6, '2024-12-04 04:45:28', '2024-12-04 04:45:28'),
	(109, 9, 3, 2024, 'rwb', '', 'programs well implemented, effective communication between teachers and stakeholders', '', '', 6, '2024-12-04 04:45:28', '2024-12-04 04:45:28'),
	(110, 11, 3, 2024, 'rwb', 'parents and pupils negative attitude towards education', 'active participation from the teachers and stakeholders on the different programs of the school. effective communication between the teachers and parents.', 'poverty pupils and parents participation', 'orientation/PTA meetings', 6, '2024-12-04 04:45:28', '2024-12-04 04:45:28'),
	(111, 12, 3, 2024, 'rwb', 'pupils willingness to fully cooperate and engage in the program', 'school coordinator and school are very active and well knowlegeable in implementing the program. teacher are actively helped facilitate and cooperate in doing their tasks', 'lack of knowledge in conducting the program school resources', 'coordinate from division and create a technical working committee to ensure the smooth and effective implementation of the program. regular monitoring', 6, '2024-12-04 04:45:28', '2024-12-04 04:45:28'),
	(112, 16, 3, 2024, 'rwb', 'the perspective of parents and students on education', 'effective communication between teachers and stakeholders', 'poverty and the distance from home to school', 'inspire and encourage the parents to have confidence and positive mindset amidst adversities.', 6, '2024-12-04 04:45:28', '2024-12-04 04:45:28'),
	(113, 17, 3, 2024, 'rwb', '', 'increased number of learners for SY 2023-2024. active participation of teachers and stakeholders', '', '', 6, '2024-12-04 04:45:28', '2024-12-04 04:45:28'),
	(114, 20, 3, 2024, 'rwb', '', 'increasing no. of learners for SY 2023-2024', '', '', 6, '2024-12-04 04:45:28', '2024-12-04 04:45:28'),
	(115, 2, 3, 2024, 'quality', 'The number of Non-Reader and Non-Numerates', '', 'Lack of Study Habit                                                           *Use of Gadget for entertainment rather than study purpose.', 'Conduct Remedial Class/Pull-out      *Programs and Innovation to address the issues', 5, '2024-12-04 09:17:58', '2024-12-04 09:17:58'),
	(116, 3, 3, 2024, 'quality', 'Perrenial problem on Non-Readers and Non-Numerates', 'Teachers commitment and dedication in improving the quality of education', '', '', 5, '2024-12-04 09:17:58', '2024-12-04 09:17:58'),
	(117, 2, 3, 2024, 'quality', 'The number of Non-Reader and Non-Numerates', '', 'Lack of Study Habit                                                           *Use of Gadget for entertainment rather than study purpose.', 'Conduct Remedial Class/Pull-out      *Programs and Innovation to address the issues', 5, '2024-12-04 10:02:32', '2024-12-04 10:02:32'),
	(118, 3, 3, 2024, 'quality', 'Perrenial problem on Non-Readers and Non-Numerates', 'Teachers commitment and dedication in improving the quality of education', '', '', 5, '2024-12-04 10:02:32', '2024-12-04 10:02:32'),
	(119, 4, 3, 2024, 'quality', 'Number of non-reader and non -computers ', 'Teachers dedication and commitment in improving the learning level of the pupils', 'Poor study habits of pupils', 'Teachers conducted reading intervention and remediation', 5, '2024-12-04 10:02:32', '2024-12-04 10:02:32'),
	(120, 5, 3, 2024, 'quality', '', 'Strong support system given by the teachers and stakeholders. /Presence of well-trained coaches and disciplined pupils. ', '', '', 5, '2024-12-04 10:02:32', '2024-12-04 10:02:32'),
	(121, 6, 3, 2024, 'quality', '', 'The SH encourages teachers to be better ', '', '', 5, '2024-12-04 10:02:32', '2024-12-04 10:02:32'),
	(122, 7, 3, 2024, 'quality', 'Number of non-numerates and non-reader', '', 'Study habit', 'Remedial Class/pullout', 5, '2024-12-04 10:02:32', '2024-12-04 10:02:32'),
	(123, 8, 3, 2024, 'quality', 'Number of non-numerates and non-reader', 'teacher ancillary works', 'merging of classes', 'Remedial Class/pullout', 5, '2024-12-04 10:02:32', '2024-12-04 10:02:32'),
	(124, 9, 3, 2024, 'quality', 'insufficient funds', 'enhancing professional growth of teacher', 'overlapping of schedule ', 'make a list of things to be prioritized ', 5, '2024-12-04 10:02:32', '2024-12-04 10:02:32'),
	(125, 10, 3, 2024, 'quality', 'Number of non-numerates and non-reader', '', '', 'conduct remedial class and giving of reading materials and exercises', 5, '2024-12-04 10:02:32', '2024-12-04 10:02:32'),
	(126, 14, 3, 2024, 'quality', '', 'Encourage pupils & strong support system ', '', 'Maintain practice school system', 5, '2024-12-04 10:02:32', '2024-12-04 10:02:32'),
	(127, 16, 3, 2024, 'quality', 'Insufficient funds', 'Empowering of teachers and teamwork', 'Not enough time for outsourcing and networking', 'Allocate funds properly', 5, '2024-12-04 10:02:32', '2024-12-04 10:02:32'),
	(128, 17, 3, 2024, 'quality', 'Budget Allocation', 'Presence of well – trained coaches', 'Lack of equipment in sports and facilities', 'Lobby to LGU and stakeholders', 5, '2024-12-04 10:02:32', '2024-12-04 10:02:32'),
	(129, 18, 3, 2024, 'quality', 'Numeracy and literacy rate are low.', '', 'Absenteeism due to work in sustaining their education and family.', 'Modular distance learning, home visitation and remedial class.', 5, '2024-12-04 10:02:32', '2024-12-04 10:02:32'),
	(130, 20, 3, 2024, 'quality', 'Non- Numerates and Reading Skills of Grade 7 students\r\n', '', 'Absenteeism and lack of focus/motivation of learners', 'Remediation and Peer tutoring ', 5, '2024-12-04 10:02:32', '2024-12-04 10:02:32');

-- Dumping structure for table smea.quality_assessment
CREATE TABLE IF NOT EXISTS `quality_assessment` (
  `id` int NOT NULL AUTO_INCREMENT,
  `school_id` int NOT NULL,
  `grade_level` int NOT NULL,
  `gender` tinyint NOT NULL,
  `type` varchar(50) COLLATE utf8mb4_general_ci NOT NULL,
  `count` int NOT NULL DEFAULT '0',
  `quarter` int NOT NULL,
  `year` int NOT NULL,
  `last_user_save` int NOT NULL,
  `created_at` timestamp NULL DEFAULT CURRENT_TIMESTAMP,
  `updated_at` timestamp NULL DEFAULT CURRENT_TIMESTAMP ON UPDATE CURRENT_TIMESTAMP,
  PRIMARY KEY (`id`),
  KEY `school_id` (`school_id`),
  KEY `grade_level` (`grade_level`),
  KEY `last_user_save` (`last_user_save`),
  CONSTRAINT `quality_assessment_ibfk_1` FOREIGN KEY (`school_id`) REFERENCES `schools` (`id`),
  CONSTRAINT `quality_assessment_ibfk_2` FOREIGN KEY (`grade_level`) REFERENCES `grade_level` (`id`),
  CONSTRAINT `quality_assessment_ibfk_3` FOREIGN KEY (`last_user_save`) REFERENCES `users` (`id`)
) ENGINE=InnoDB AUTO_INCREMENT=17 DEFAULT CHARSET=utf8mb4 COLLATE=utf8mb4_general_ci;

-- Dumping data for table smea.quality_assessment: ~11 rows (approximately)
INSERT INTO `quality_assessment` (`id`, `school_id`, `grade_level`, `gender`, `type`, `count`, `quarter`, `year`, `last_user_save`, `created_at`, `updated_at`) VALUES
	(2, 1, 1, 1, 'als', 23, 4, 2024, 5, '2024-11-10 13:18:47', '2024-11-10 13:18:47'),
	(4, 1, 1, 1, 'eng-frustration', 11, 4, 2024, 5, '2024-11-10 14:20:08', '2024-11-10 14:20:08'),
	(5, 2, 1, 1, 'eng-frustration', 33, 4, 2024, 5, '2024-11-10 14:20:08', '2024-11-10 14:20:08'),
	(6, 3, 1, 1, 'eng-frustration', 55, 4, 2024, 5, '2024-11-10 14:20:08', '2024-11-10 14:20:08'),
	(7, 1, 1, 2, 'eng-frustration', 22, 4, 2024, 5, '2024-11-10 14:20:08', '2024-11-10 14:20:08'),
	(8, 2, 1, 2, 'eng-frustration', 44, 4, 2024, 5, '2024-11-10 14:20:08', '2024-11-10 14:20:08'),
	(11, 3, 1, 1, 'fil-frustration', 88, 4, 2024, 5, '2024-11-10 14:26:47', '2024-11-10 14:26:47'),
	(13, 2, 1, 2, 'fil-frustration', 44, 4, 2024, 5, '2024-11-10 14:26:47', '2024-11-10 14:26:47'),
	(14, 4, 1, 2, 'fil-frustration', 78, 4, 2024, 5, '2024-11-10 14:26:47', '2024-11-10 14:26:47'),
	(15, 1, 1, 1, 'fil-independent', 1, 1, 2024, 9, '2024-12-03 00:18:40', '2024-12-03 00:18:40'),
	(16, 1, 1, 2, 'fil-independent', 1, 1, 2024, 9, '2024-12-03 00:18:40', '2024-12-03 00:18:40');

-- Dumping structure for table smea.roles
CREATE TABLE IF NOT EXISTS `roles` (
  `id` int NOT NULL AUTO_INCREMENT,
  `description` varchar(50) COLLATE utf8mb4_general_ci NOT NULL DEFAULT '0',
  `permission` text COLLATE utf8mb4_general_ci NOT NULL,
  `updated_at` timestamp NULL DEFAULT CURRENT_TIMESTAMP ON UPDATE CURRENT_TIMESTAMP,
  `created_at` timestamp NULL DEFAULT CURRENT_TIMESTAMP,
  PRIMARY KEY (`id`)
) ENGINE=InnoDB AUTO_INCREMENT=3 DEFAULT CHARSET=utf8mb4 COLLATE=utf8mb4_general_ci;

-- Dumping data for table smea.roles: ~2 rows (approximately)
INSERT INTO `roles` (`id`, `description`, `permission`, `updated_at`, `created_at`) VALUES
	(1, 'Admin', '[\'1\',\'2\']', '2024-03-19 03:43:00', '2024-03-18 10:58:50'),
	(2, 'Principal', '[\'1\', \'2\']', '2024-12-03 02:16:25', '2024-03-18 10:59:09');

-- Dumping structure for table smea.rwb_assessment
CREATE TABLE IF NOT EXISTS `rwb_assessment` (
  `id` int NOT NULL AUTO_INCREMENT,
  `school_id` int NOT NULL,
  `grade_level` int NOT NULL,
  `gender` tinyint NOT NULL,
  `type` varchar(50) COLLATE utf8mb4_general_ci NOT NULL,
  `count` int NOT NULL DEFAULT '0',
  `quarter` int NOT NULL,
  `year` int NOT NULL,
  `last_user_save` int NOT NULL,
  `created_at` timestamp NULL DEFAULT CURRENT_TIMESTAMP,
  `updated_at` timestamp NULL DEFAULT CURRENT_TIMESTAMP ON UPDATE CURRENT_TIMESTAMP,
  PRIMARY KEY (`id`),
  KEY `school_id` (`school_id`),
  KEY `grade_level` (`grade_level`),
  KEY `last_user_save` (`last_user_save`),
  CONSTRAINT `rwb_assessment_ibfk_1` FOREIGN KEY (`school_id`) REFERENCES `schools` (`id`),
  CONSTRAINT `rwb_assessment_ibfk_2` FOREIGN KEY (`grade_level`) REFERENCES `grade_level` (`id`),
  CONSTRAINT `rwb_assessment_ibfk_3` FOREIGN KEY (`last_user_save`) REFERENCES `users` (`id`)
) ENGINE=InnoDB AUTO_INCREMENT=494 DEFAULT CHARSET=utf8mb4 COLLATE=utf8mb4_general_ci;

-- Dumping data for table smea.rwb_assessment: ~493 rows (approximately)
INSERT INTO `rwb_assessment` (`id`, `school_id`, `grade_level`, `gender`, `type`, `count`, `quarter`, `year`, `last_user_save`, `created_at`, `updated_at`) VALUES
	(1, 1, 1, 1, 'displaced', 505, 4, 2024, 5, '2024-11-10 16:41:41', '2024-11-10 16:41:41'),
	(2, 1, 1, 1, 'displaced', 19, 3, 2024, 6, '2024-12-04 04:07:13', '2024-12-04 04:28:06'),
	(3, 2, 1, 1, 'displaced', 48, 3, 2024, 6, '2024-12-04 04:07:13', '2024-12-04 04:16:29'),
	(4, 3, 1, 1, 'displaced', 7, 3, 2024, 6, '2024-12-04 04:07:13', '2024-12-04 04:28:06'),
	(5, 4, 1, 1, 'displaced', 15, 3, 2024, 6, '2024-12-04 04:07:13', '2024-12-04 04:16:29'),
	(6, 5, 1, 1, 'displaced', 18, 3, 2024, 6, '2024-12-04 04:07:13', '2024-12-04 04:28:06'),
	(7, 6, 1, 1, 'displaced', 33, 3, 2024, 6, '2024-12-04 04:07:13', '2024-12-04 04:16:29'),
	(8, 7, 1, 1, 'displaced', 15, 3, 2024, 6, '2024-12-04 04:07:13', '2024-12-04 04:16:29'),
	(9, 8, 1, 1, 'displaced', 5, 3, 2024, 6, '2024-12-04 04:07:13', '2024-12-04 04:10:09'),
	(10, 9, 1, 1, 'displaced', 15, 3, 2024, 6, '2024-12-04 04:07:13', '2024-12-04 04:16:29'),
	(11, 10, 1, 1, 'displaced', 14, 3, 2024, 6, '2024-12-04 04:07:13', '2024-12-04 04:16:29'),
	(12, 11, 1, 1, 'displaced', 7, 3, 2024, 6, '2024-12-04 04:07:13', '2024-12-04 04:16:29'),
	(13, 12, 1, 1, 'displaced', 14, 3, 2024, 6, '2024-12-04 04:07:13', '2024-12-04 04:28:06'),
	(14, 13, 1, 1, 'displaced', 27, 3, 2024, 6, '2024-12-04 04:07:13', '2024-12-04 04:16:29'),
	(15, 14, 1, 1, 'displaced', 18, 3, 2024, 6, '2024-12-04 04:07:13', '2024-12-04 04:16:29'),
	(16, 15, 1, 1, 'displaced', 15, 3, 2024, 6, '2024-12-04 04:07:13', '2024-12-04 04:28:06'),
	(17, 16, 1, 1, 'displaced', 19, 3, 2024, 6, '2024-12-04 04:07:13', '2024-12-04 04:28:06'),
	(18, 17, 1, 1, 'displaced', 17, 3, 2024, 6, '2024-12-04 04:07:13', '2024-12-04 04:28:06'),
	(19, 1, 1, 2, 'displaced', 27, 3, 2024, 6, '2024-12-04 04:07:13', '2024-12-04 04:28:07'),
	(20, 2, 1, 2, 'displaced', 58, 3, 2024, 6, '2024-12-04 04:07:13', '2024-12-04 04:16:29'),
	(21, 3, 1, 2, 'displaced', 4, 3, 2024, 6, '2024-12-04 04:07:13', '2024-12-04 04:28:07'),
	(22, 4, 1, 2, 'displaced', 19, 3, 2024, 6, '2024-12-04 04:07:13', '2024-12-04 04:28:07'),
	(23, 5, 1, 2, 'displaced', 22, 3, 2024, 6, '2024-12-04 04:07:13', '2024-12-04 04:28:07'),
	(24, 6, 1, 2, 'displaced', 31, 3, 2024, 6, '2024-12-04 04:07:13', '2024-12-04 04:16:29'),
	(25, 7, 1, 2, 'displaced', 17, 3, 2024, 6, '2024-12-04 04:07:13', '2024-12-04 04:16:29'),
	(26, 8, 1, 2, 'displaced', 7, 3, 2024, 6, '2024-12-04 04:07:13', '2024-12-04 04:16:29'),
	(27, 9, 1, 2, 'displaced', 8, 3, 2024, 6, '2024-12-04 04:07:13', '2024-12-04 04:16:29'),
	(28, 10, 1, 2, 'displaced', 10, 3, 2024, 6, '2024-12-04 04:07:13', '2024-12-04 04:16:29'),
	(29, 11, 1, 2, 'displaced', 9, 3, 2024, 6, '2024-12-04 04:07:13', '2024-12-04 04:16:29'),
	(30, 12, 1, 2, 'displaced', 15, 3, 2024, 6, '2024-12-04 04:07:13', '2024-12-04 04:28:07'),
	(31, 13, 1, 2, 'displaced', 21, 3, 2024, 6, '2024-12-04 04:07:13', '2024-12-04 04:16:29'),
	(32, 14, 1, 2, 'displaced', 11, 3, 2024, 6, '2024-12-04 04:07:13', '2024-12-04 04:16:29'),
	(33, 15, 1, 2, 'displaced', 18, 3, 2024, 6, '2024-12-04 04:07:13', '2024-12-04 04:28:07'),
	(34, 16, 1, 2, 'displaced', 15, 3, 2024, 6, '2024-12-04 04:07:13', '2024-12-04 04:28:07'),
	(35, 17, 1, 2, 'displaced', 20, 3, 2024, 6, '2024-12-04 04:07:13', '2024-12-04 04:28:07'),
	(36, 1, 2, 1, 'displaced', 32, 3, 2024, 6, '2024-12-04 04:18:17', '2024-12-04 04:18:17'),
	(37, 2, 2, 1, 'displaced', 97, 3, 2024, 6, '2024-12-04 04:18:17', '2024-12-04 04:18:17'),
	(38, 3, 2, 1, 'displaced', 25, 3, 2024, 6, '2024-12-04 04:18:17', '2024-12-04 04:18:17'),
	(39, 4, 2, 1, 'displaced', 30, 3, 2024, 6, '2024-12-04 04:18:17', '2024-12-04 04:18:17'),
	(40, 5, 2, 1, 'displaced', 23, 3, 2024, 6, '2024-12-04 04:18:17', '2024-12-04 04:18:17'),
	(41, 6, 2, 1, 'displaced', 27, 3, 2024, 6, '2024-12-04 04:18:17', '2024-12-04 04:18:17'),
	(42, 7, 2, 1, 'displaced', 13, 3, 2024, 6, '2024-12-04 04:18:17', '2024-12-04 04:18:17'),
	(43, 8, 2, 1, 'displaced', 7, 3, 2024, 6, '2024-12-04 04:18:17', '2024-12-04 04:18:17'),
	(44, 9, 2, 1, 'displaced', 15, 3, 2024, 6, '2024-12-04 04:18:17', '2024-12-04 04:18:17'),
	(45, 10, 2, 1, 'displaced', 15, 3, 2024, 6, '2024-12-04 04:18:17', '2024-12-04 04:18:17'),
	(46, 11, 2, 1, 'displaced', 9, 3, 2024, 6, '2024-12-04 04:18:17', '2024-12-04 04:18:17'),
	(47, 12, 2, 1, 'displaced', 37, 3, 2024, 6, '2024-12-04 04:18:17', '2024-12-04 04:18:17'),
	(48, 13, 2, 1, 'displaced', 20, 3, 2024, 6, '2024-12-04 04:18:17', '2024-12-04 04:18:17'),
	(49, 14, 2, 1, 'displaced', 20, 3, 2024, 6, '2024-12-04 04:18:17', '2024-12-04 04:18:17'),
	(50, 15, 2, 1, 'displaced', 52, 3, 2024, 6, '2024-12-04 04:18:17', '2024-12-04 04:18:17'),
	(51, 16, 2, 1, 'displaced', 28, 3, 2024, 6, '2024-12-04 04:18:17', '2024-12-04 04:18:17'),
	(52, 17, 2, 1, 'displaced', 29, 3, 2024, 6, '2024-12-04 04:18:17', '2024-12-04 04:18:17'),
	(53, 1, 2, 2, 'displaced', 19, 3, 2024, 6, '2024-12-04 04:18:17', '2024-12-04 04:18:17'),
	(54, 2, 2, 2, 'displaced', 106, 3, 2024, 6, '2024-12-04 04:18:17', '2024-12-04 04:18:17'),
	(55, 3, 2, 2, 'displaced', 27, 3, 2024, 6, '2024-12-04 04:18:17', '2024-12-04 04:18:17'),
	(56, 4, 2, 2, 'displaced', 29, 3, 2024, 6, '2024-12-04 04:18:17', '2024-12-04 04:18:17'),
	(57, 5, 2, 2, 'displaced', 21, 3, 2024, 6, '2024-12-04 04:18:17', '2024-12-04 04:18:17'),
	(58, 6, 2, 2, 'displaced', 21, 3, 2024, 6, '2024-12-04 04:18:17', '2024-12-04 04:18:17'),
	(59, 7, 2, 2, 'displaced', 13, 3, 2024, 6, '2024-12-04 04:18:17', '2024-12-04 04:18:17'),
	(60, 8, 2, 2, 'displaced', 5, 3, 2024, 6, '2024-12-04 04:18:17', '2024-12-04 04:18:17'),
	(61, 9, 2, 2, 'displaced', 12, 3, 2024, 6, '2024-12-04 04:18:17', '2024-12-04 04:18:17'),
	(62, 10, 2, 2, 'displaced', 5, 3, 2024, 6, '2024-12-04 04:18:17', '2024-12-04 04:18:17'),
	(63, 11, 2, 2, 'displaced', 9, 3, 2024, 6, '2024-12-04 04:18:17', '2024-12-04 04:18:17'),
	(64, 12, 2, 2, 'displaced', 24, 3, 2024, 6, '2024-12-04 04:18:17', '2024-12-04 04:18:17'),
	(65, 13, 2, 2, 'displaced', 25, 3, 2024, 6, '2024-12-04 04:18:17', '2024-12-04 04:18:17'),
	(66, 14, 2, 2, 'displaced', 14, 3, 2024, 6, '2024-12-04 04:18:17', '2024-12-04 04:18:17'),
	(67, 15, 2, 2, 'displaced', 47, 3, 2024, 6, '2024-12-04 04:18:17', '2024-12-04 04:18:17'),
	(68, 16, 2, 2, 'displaced', 23, 3, 2024, 6, '2024-12-04 04:18:17', '2024-12-04 04:18:17'),
	(69, 17, 2, 2, 'displaced', 16, 3, 2024, 6, '2024-12-04 04:18:17', '2024-12-04 04:18:17'),
	(70, 1, 3, 1, 'displaced', 33, 3, 2024, 6, '2024-12-04 04:19:18', '2024-12-04 04:19:18'),
	(71, 2, 3, 1, 'displaced', 90, 3, 2024, 6, '2024-12-04 04:19:18', '2024-12-04 04:19:18'),
	(72, 3, 3, 1, 'displaced', 12, 3, 2024, 6, '2024-12-04 04:19:18', '2024-12-04 04:19:18'),
	(73, 4, 3, 1, 'displaced', 29, 3, 2024, 6, '2024-12-04 04:19:18', '2024-12-04 04:19:18'),
	(74, 5, 3, 1, 'displaced', 28, 3, 2024, 6, '2024-12-04 04:19:18', '2024-12-04 04:19:18'),
	(75, 6, 3, 1, 'displaced', 32, 3, 2024, 6, '2024-12-04 04:19:18', '2024-12-04 04:19:18'),
	(76, 7, 3, 1, 'displaced', 21, 3, 2024, 6, '2024-12-04 04:19:18', '2024-12-04 04:19:18'),
	(77, 8, 3, 1, 'displaced', 5, 3, 2024, 6, '2024-12-04 04:19:18', '2024-12-04 04:19:18'),
	(78, 9, 3, 1, 'displaced', 3, 3, 2024, 6, '2024-12-04 04:19:18', '2024-12-04 04:19:18'),
	(79, 10, 3, 1, 'displaced', 9, 3, 2024, 6, '2024-12-04 04:19:18', '2024-12-04 04:19:18'),
	(80, 11, 3, 1, 'displaced', 17, 3, 2024, 6, '2024-12-04 04:19:19', '2024-12-04 04:19:19'),
	(81, 12, 3, 1, 'displaced', 29, 3, 2024, 6, '2024-12-04 04:19:19', '2024-12-04 04:19:19'),
	(82, 13, 3, 1, 'displaced', 22, 3, 2024, 6, '2024-12-04 04:19:19', '2024-12-04 04:19:19'),
	(83, 14, 3, 1, 'displaced', 22, 3, 2024, 6, '2024-12-04 04:19:19', '2024-12-04 04:19:19'),
	(84, 15, 3, 1, 'displaced', 49, 3, 2024, 6, '2024-12-04 04:19:19', '2024-12-04 04:19:19'),
	(85, 16, 3, 1, 'displaced', 15, 3, 2024, 6, '2024-12-04 04:19:19', '2024-12-04 04:19:19'),
	(86, 17, 3, 1, 'displaced', 25, 3, 2024, 6, '2024-12-04 04:19:19', '2024-12-04 04:19:19'),
	(87, 1, 3, 2, 'displaced', 22, 3, 2024, 6, '2024-12-04 04:19:19', '2024-12-04 04:19:19'),
	(88, 2, 3, 2, 'displaced', 100, 3, 2024, 6, '2024-12-04 04:19:19', '2024-12-04 04:19:19'),
	(89, 3, 3, 2, 'displaced', 23, 3, 2024, 6, '2024-12-04 04:19:19', '2024-12-04 04:19:19'),
	(90, 4, 3, 2, 'displaced', 29, 3, 2024, 6, '2024-12-04 04:19:19', '2024-12-04 04:19:19'),
	(91, 5, 3, 2, 'displaced', 22, 3, 2024, 6, '2024-12-04 04:19:19', '2024-12-04 04:19:19'),
	(92, 6, 3, 2, 'displaced', 35, 3, 2024, 6, '2024-12-04 04:19:19', '2024-12-04 04:19:19'),
	(93, 7, 3, 2, 'displaced', 20, 3, 2024, 6, '2024-12-04 04:19:19', '2024-12-04 04:19:19'),
	(94, 8, 3, 2, 'displaced', 9, 3, 2024, 6, '2024-12-04 04:19:19', '2024-12-04 04:19:19'),
	(95, 9, 3, 2, 'displaced', 11, 3, 2024, 6, '2024-12-04 04:19:19', '2024-12-04 04:19:19'),
	(96, 10, 3, 2, 'displaced', 4, 3, 2024, 6, '2024-12-04 04:19:19', '2024-12-04 04:19:19'),
	(97, 11, 3, 2, 'displaced', 16, 3, 2024, 6, '2024-12-04 04:19:19', '2024-12-04 04:19:19'),
	(98, 12, 3, 2, 'displaced', 27, 3, 2024, 6, '2024-12-04 04:19:19', '2024-12-04 04:19:19'),
	(99, 13, 3, 2, 'displaced', 20, 3, 2024, 6, '2024-12-04 04:19:19', '2024-12-04 04:19:19'),
	(100, 14, 3, 2, 'displaced', 12, 3, 2024, 6, '2024-12-04 04:19:19', '2024-12-04 04:19:19'),
	(101, 15, 3, 2, 'displaced', 33, 3, 2024, 6, '2024-12-04 04:19:19', '2024-12-04 04:19:19'),
	(102, 16, 3, 2, 'displaced', 23, 3, 2024, 6, '2024-12-04 04:19:19', '2024-12-04 04:19:19'),
	(103, 17, 3, 2, 'displaced', 25, 3, 2024, 6, '2024-12-04 04:19:19', '2024-12-04 04:19:19'),
	(104, 1, 4, 1, 'displaced', 25, 3, 2024, 6, '2024-12-04 04:20:37', '2024-12-04 04:20:37'),
	(105, 2, 4, 1, 'displaced', 104, 3, 2024, 6, '2024-12-04 04:20:37', '2024-12-04 04:20:37'),
	(106, 3, 4, 1, 'displaced', 23, 3, 2024, 6, '2024-12-04 04:20:37', '2024-12-04 04:20:37'),
	(107, 4, 4, 1, 'displaced', 40, 3, 2024, 6, '2024-12-04 04:20:37', '2024-12-04 04:20:37'),
	(108, 5, 4, 1, 'displaced', 25, 3, 2024, 6, '2024-12-04 04:20:37', '2024-12-04 04:20:37'),
	(109, 6, 4, 1, 'displaced', 42, 3, 2024, 6, '2024-12-04 04:20:37', '2024-12-04 04:20:37'),
	(110, 7, 4, 1, 'displaced', 16, 3, 2024, 6, '2024-12-04 04:20:37', '2024-12-04 04:20:37'),
	(111, 8, 4, 1, 'displaced', 4, 3, 2024, 6, '2024-12-04 04:20:37', '2024-12-04 04:20:37'),
	(112, 9, 4, 1, 'displaced', 5, 3, 2024, 6, '2024-12-04 04:20:37', '2024-12-04 04:20:37'),
	(113, 10, 4, 1, 'displaced', 6, 3, 2024, 6, '2024-12-04 04:20:37', '2024-12-04 04:20:37'),
	(114, 11, 4, 1, 'displaced', 16, 3, 2024, 6, '2024-12-04 04:20:37', '2024-12-04 04:20:37'),
	(115, 12, 4, 1, 'displaced', 24, 3, 2024, 6, '2024-12-04 04:20:37', '2024-12-04 04:20:37'),
	(116, 13, 4, 1, 'displaced', 23, 3, 2024, 6, '2024-12-04 04:20:37', '2024-12-04 04:20:37'),
	(117, 14, 4, 1, 'displaced', 22, 3, 2024, 6, '2024-12-04 04:20:37', '2024-12-04 04:20:37'),
	(118, 15, 4, 1, 'displaced', 44, 3, 2024, 6, '2024-12-04 04:20:37', '2024-12-04 04:20:37'),
	(119, 16, 4, 1, 'displaced', 19, 3, 2024, 6, '2024-12-04 04:20:37', '2024-12-04 04:20:37'),
	(120, 17, 4, 1, 'displaced', 21, 3, 2024, 6, '2024-12-04 04:20:37', '2024-12-04 04:20:37'),
	(121, 1, 4, 2, 'displaced', 11, 3, 2024, 6, '2024-12-04 04:20:37', '2024-12-04 04:20:37'),
	(122, 2, 4, 2, 'displaced', 97, 3, 2024, 6, '2024-12-04 04:20:37', '2024-12-04 04:20:37'),
	(123, 3, 4, 2, 'displaced', 18, 3, 2024, 6, '2024-12-04 04:20:37', '2024-12-04 04:20:37'),
	(124, 4, 4, 2, 'displaced', 41, 3, 2024, 6, '2024-12-04 04:20:37', '2024-12-04 04:20:37'),
	(125, 5, 4, 2, 'displaced', 20, 3, 2024, 6, '2024-12-04 04:20:37', '2024-12-04 04:20:37'),
	(126, 6, 4, 2, 'displaced', 35, 3, 2024, 6, '2024-12-04 04:20:37', '2024-12-04 04:20:37'),
	(127, 7, 4, 2, 'displaced', 18, 3, 2024, 6, '2024-12-04 04:20:37', '2024-12-04 04:20:37'),
	(128, 8, 4, 2, 'displaced', 5, 3, 2024, 6, '2024-12-04 04:20:37', '2024-12-04 04:20:37'),
	(129, 9, 4, 2, 'displaced', 12, 3, 2024, 6, '2024-12-04 04:20:37', '2024-12-04 04:20:37'),
	(130, 10, 4, 2, 'displaced', 12, 3, 2024, 6, '2024-12-04 04:20:37', '2024-12-04 04:20:37'),
	(131, 11, 4, 2, 'displaced', 9, 3, 2024, 6, '2024-12-04 04:20:37', '2024-12-04 04:20:37'),
	(132, 12, 4, 2, 'displaced', 27, 3, 2024, 6, '2024-12-04 04:20:37', '2024-12-04 04:20:37'),
	(133, 13, 4, 2, 'displaced', 18, 3, 2024, 6, '2024-12-04 04:20:37', '2024-12-04 04:20:37'),
	(134, 14, 4, 2, 'displaced', 13, 3, 2024, 6, '2024-12-04 04:20:37', '2024-12-04 04:20:37'),
	(135, 15, 4, 2, 'displaced', 37, 3, 2024, 6, '2024-12-04 04:20:37', '2024-12-04 04:20:37'),
	(136, 16, 4, 2, 'displaced', 18, 3, 2024, 6, '2024-12-04 04:20:37', '2024-12-04 04:20:37'),
	(137, 17, 4, 2, 'displaced', 22, 3, 2024, 6, '2024-12-04 04:20:37', '2024-12-04 04:20:37'),
	(138, 1, 5, 1, 'displaced', 17, 3, 2024, 6, '2024-12-04 04:23:36', '2024-12-04 04:23:36'),
	(139, 2, 5, 1, 'displaced', 85, 3, 2024, 6, '2024-12-04 04:23:36', '2024-12-04 04:23:36'),
	(140, 3, 5, 1, 'displaced', 33, 3, 2024, 6, '2024-12-04 04:23:36', '2024-12-04 04:23:36'),
	(141, 4, 5, 1, 'displaced', 27, 3, 2024, 6, '2024-12-04 04:23:36', '2024-12-04 04:23:36'),
	(142, 5, 5, 1, 'displaced', 22, 3, 2024, 6, '2024-12-04 04:23:36', '2024-12-04 04:23:36'),
	(143, 6, 5, 1, 'displaced', 14, 3, 2024, 6, '2024-12-04 04:23:36', '2024-12-04 04:23:36'),
	(144, 7, 5, 1, 'displaced', 9, 3, 2024, 6, '2024-12-04 04:23:36', '2024-12-04 04:23:36'),
	(145, 8, 5, 1, 'displaced', 4, 3, 2024, 6, '2024-12-04 04:23:36', '2024-12-04 04:23:36'),
	(146, 9, 5, 1, 'displaced', 7, 3, 2024, 6, '2024-12-04 04:23:36', '2024-12-04 04:23:36'),
	(147, 10, 5, 1, 'displaced', 10, 3, 2024, 6, '2024-12-04 04:23:36', '2024-12-04 04:23:36'),
	(148, 11, 5, 1, 'displaced', 7, 3, 2024, 6, '2024-12-04 04:23:36', '2024-12-04 04:23:36'),
	(149, 12, 5, 1, 'displaced', 22, 3, 2024, 6, '2024-12-04 04:23:36', '2024-12-04 04:23:36'),
	(150, 13, 5, 1, 'displaced', 17, 3, 2024, 6, '2024-12-04 04:23:36', '2024-12-04 04:23:36'),
	(151, 14, 5, 1, 'displaced', 12, 3, 2024, 6, '2024-12-04 04:23:36', '2024-12-04 04:23:36'),
	(152, 15, 5, 1, 'displaced', 32, 3, 2024, 6, '2024-12-04 04:23:36', '2024-12-04 04:23:36'),
	(153, 16, 5, 1, 'displaced', 13, 3, 2024, 6, '2024-12-04 04:23:36', '2024-12-04 04:23:36'),
	(154, 17, 5, 1, 'displaced', 28, 3, 2024, 6, '2024-12-04 04:23:36', '2024-12-04 04:23:36'),
	(155, 1, 5, 2, 'displaced', 21, 3, 2024, 6, '2024-12-04 04:23:36', '2024-12-04 04:23:36'),
	(156, 2, 5, 2, 'displaced', 81, 3, 2024, 6, '2024-12-04 04:23:36', '2024-12-04 04:23:36'),
	(157, 3, 5, 2, 'displaced', 13, 3, 2024, 6, '2024-12-04 04:23:36', '2024-12-04 04:23:36'),
	(158, 4, 5, 2, 'displaced', 22, 3, 2024, 6, '2024-12-04 04:23:36', '2024-12-04 04:23:36'),
	(159, 5, 5, 2, 'displaced', 20, 3, 2024, 6, '2024-12-04 04:23:36', '2024-12-04 04:23:36'),
	(160, 6, 5, 2, 'displaced', 22, 3, 2024, 6, '2024-12-04 04:23:36', '2024-12-04 04:23:36'),
	(161, 7, 5, 2, 'displaced', 9, 3, 2024, 6, '2024-12-04 04:23:36', '2024-12-04 04:23:36'),
	(162, 8, 5, 2, 'displaced', 5, 3, 2024, 6, '2024-12-04 04:23:36', '2024-12-04 04:23:36'),
	(163, 9, 5, 2, 'displaced', 7, 3, 2024, 6, '2024-12-04 04:23:36', '2024-12-04 04:23:36'),
	(164, 10, 5, 2, 'displaced', 3, 3, 2024, 6, '2024-12-04 04:23:36', '2024-12-04 04:23:36'),
	(165, 11, 5, 2, 'displaced', 11, 3, 2024, 6, '2024-12-04 04:23:36', '2024-12-04 04:23:36'),
	(166, 12, 5, 2, 'displaced', 13, 3, 2024, 6, '2024-12-04 04:23:36', '2024-12-04 04:23:36'),
	(167, 13, 5, 2, 'displaced', 9, 3, 2024, 6, '2024-12-04 04:23:36', '2024-12-04 04:23:36'),
	(168, 14, 5, 2, 'displaced', 14, 3, 2024, 6, '2024-12-04 04:23:36', '2024-12-04 04:23:36'),
	(169, 15, 5, 2, 'displaced', 24, 3, 2024, 6, '2024-12-04 04:23:36', '2024-12-04 04:23:36'),
	(170, 16, 5, 2, 'displaced', 20, 3, 2024, 6, '2024-12-04 04:23:36', '2024-12-04 04:23:36'),
	(171, 17, 5, 2, 'displaced', 17, 3, 2024, 6, '2024-12-04 04:23:36', '2024-12-04 04:23:36'),
	(172, 1, 6, 1, 'displaced', 22, 3, 2024, 6, '2024-12-04 04:24:54', '2024-12-04 04:24:54'),
	(173, 2, 6, 1, 'displaced', 99, 3, 2024, 6, '2024-12-04 04:24:54', '2024-12-04 04:24:54'),
	(174, 3, 6, 1, 'displaced', 22, 3, 2024, 6, '2024-12-04 04:24:54', '2024-12-04 04:24:54'),
	(175, 4, 6, 1, 'displaced', 30, 3, 2024, 6, '2024-12-04 04:24:54', '2024-12-04 04:24:54'),
	(176, 5, 6, 1, 'displaced', 32, 3, 2024, 6, '2024-12-04 04:24:54', '2024-12-04 04:24:54'),
	(177, 6, 6, 1, 'displaced', 35, 3, 2024, 6, '2024-12-04 04:24:54', '2024-12-04 04:24:54'),
	(178, 7, 6, 1, 'displaced', 17, 3, 2024, 6, '2024-12-04 04:24:54', '2024-12-04 04:24:54'),
	(179, 8, 6, 1, 'displaced', 6, 3, 2024, 6, '2024-12-04 04:24:54', '2024-12-04 04:24:54'),
	(180, 9, 6, 1, 'displaced', 8, 3, 2024, 6, '2024-12-04 04:24:54', '2024-12-04 04:24:54'),
	(181, 10, 6, 1, 'displaced', 7, 3, 2024, 6, '2024-12-04 04:24:54', '2024-12-04 04:24:54'),
	(182, 11, 6, 1, 'displaced', 15, 3, 2024, 6, '2024-12-04 04:24:54', '2024-12-04 04:24:54'),
	(183, 12, 6, 1, 'displaced', 37, 3, 2024, 6, '2024-12-04 04:24:54', '2024-12-04 04:24:54'),
	(184, 13, 6, 1, 'displaced', 22, 3, 2024, 6, '2024-12-04 04:24:54', '2024-12-04 04:24:54'),
	(185, 14, 6, 1, 'displaced', 13, 3, 2024, 6, '2024-12-04 04:24:54', '2024-12-04 04:24:54'),
	(186, 15, 6, 1, 'displaced', 44, 3, 2024, 6, '2024-12-04 04:24:54', '2024-12-04 04:24:54'),
	(187, 16, 6, 1, 'displaced', 18, 3, 2024, 6, '2024-12-04 04:24:54', '2024-12-04 04:24:54'),
	(188, 17, 6, 1, 'displaced', 25, 3, 2024, 6, '2024-12-04 04:24:54', '2024-12-04 04:24:54'),
	(189, 1, 6, 2, 'displaced', 18, 3, 2024, 6, '2024-12-04 04:24:54', '2024-12-04 04:24:54'),
	(190, 2, 6, 2, 'displaced', 86, 3, 2024, 6, '2024-12-04 04:24:54', '2024-12-04 04:24:54'),
	(191, 3, 6, 2, 'displaced', 21, 3, 2024, 6, '2024-12-04 04:24:54', '2024-12-04 04:24:54'),
	(192, 4, 6, 2, 'displaced', 35, 3, 2024, 6, '2024-12-04 04:24:54', '2024-12-04 04:24:54'),
	(193, 5, 6, 2, 'displaced', 27, 3, 2024, 6, '2024-12-04 04:24:54', '2024-12-04 04:24:54'),
	(194, 6, 6, 2, 'displaced', 28, 3, 2024, 6, '2024-12-04 04:24:54', '2024-12-04 04:24:54'),
	(195, 7, 6, 2, 'displaced', 15, 3, 2024, 6, '2024-12-04 04:24:54', '2024-12-04 04:24:54'),
	(196, 8, 6, 2, 'displaced', 3, 3, 2024, 6, '2024-12-04 04:24:54', '2024-12-04 04:24:54'),
	(197, 9, 6, 2, 'displaced', 14, 3, 2024, 6, '2024-12-04 04:24:54', '2024-12-04 04:24:54'),
	(198, 10, 6, 2, 'displaced', 5, 3, 2024, 6, '2024-12-04 04:24:54', '2024-12-04 04:24:54'),
	(199, 11, 6, 2, 'displaced', 8, 3, 2024, 6, '2024-12-04 04:24:54', '2024-12-04 04:24:54'),
	(200, 12, 6, 2, 'displaced', 22, 3, 2024, 6, '2024-12-04 04:24:54', '2024-12-04 04:24:54'),
	(201, 13, 6, 2, 'displaced', 18, 3, 2024, 6, '2024-12-04 04:24:54', '2024-12-04 04:24:54'),
	(202, 14, 6, 2, 'displaced', 16, 3, 2024, 6, '2024-12-04 04:24:54', '2024-12-04 04:24:54'),
	(203, 15, 6, 2, 'displaced', 41, 3, 2024, 6, '2024-12-04 04:24:54', '2024-12-04 04:24:54'),
	(204, 16, 6, 2, 'displaced', 7, 3, 2024, 6, '2024-12-04 04:24:54', '2024-12-04 04:24:54'),
	(205, 17, 6, 2, 'displaced', 29, 3, 2024, 6, '2024-12-04 04:24:54', '2024-12-04 04:24:54'),
	(206, 1, 7, 1, 'displaced', 19, 3, 2024, 6, '2024-12-04 04:25:57', '2024-12-04 04:25:57'),
	(207, 2, 7, 1, 'displaced', 109, 3, 2024, 6, '2024-12-04 04:25:57', '2024-12-04 04:25:57'),
	(208, 3, 7, 1, 'displaced', 25, 3, 2024, 6, '2024-12-04 04:25:57', '2024-12-04 04:25:57'),
	(209, 4, 7, 1, 'displaced', 39, 3, 2024, 6, '2024-12-04 04:25:57', '2024-12-04 04:25:57'),
	(210, 5, 7, 1, 'displaced', 33, 3, 2024, 6, '2024-12-04 04:25:57', '2024-12-04 04:25:57'),
	(211, 6, 7, 1, 'displaced', 35, 3, 2024, 6, '2024-12-04 04:25:57', '2024-12-04 04:25:57'),
	(212, 7, 7, 1, 'displaced', 24, 3, 2024, 6, '2024-12-04 04:25:57', '2024-12-04 04:25:57'),
	(213, 8, 7, 1, 'displaced', 2, 3, 2024, 6, '2024-12-04 04:25:57', '2024-12-04 04:25:57'),
	(214, 9, 7, 1, 'displaced', 5, 3, 2024, 6, '2024-12-04 04:25:57', '2024-12-04 04:25:57'),
	(215, 10, 7, 1, 'displaced', 12, 3, 2024, 6, '2024-12-04 04:25:57', '2024-12-04 04:25:57'),
	(216, 11, 7, 1, 'displaced', 7, 3, 2024, 6, '2024-12-04 04:25:57', '2024-12-04 04:25:57'),
	(217, 12, 7, 1, 'displaced', 34, 3, 2024, 6, '2024-12-04 04:25:57', '2024-12-04 04:25:57'),
	(218, 13, 7, 1, 'displaced', 10, 3, 2024, 6, '2024-12-04 04:25:57', '2024-12-04 04:25:57'),
	(219, 14, 7, 1, 'displaced', 10, 3, 2024, 6, '2024-12-04 04:25:57', '2024-12-04 04:25:57'),
	(220, 15, 7, 1, 'displaced', 56, 3, 2024, 6, '2024-12-04 04:25:57', '2024-12-04 04:25:57'),
	(221, 16, 7, 1, 'displaced', 26, 3, 2024, 6, '2024-12-04 04:25:57', '2024-12-04 04:25:57'),
	(222, 17, 7, 1, 'displaced', 32, 3, 2024, 6, '2024-12-04 04:25:57', '2024-12-04 04:25:57'),
	(223, 1, 7, 2, 'displaced', 17, 3, 2024, 6, '2024-12-04 04:25:57', '2024-12-04 04:25:57'),
	(224, 2, 7, 2, 'displaced', 102, 3, 2024, 6, '2024-12-04 04:25:57', '2024-12-04 04:25:57'),
	(225, 3, 7, 2, 'displaced', 16, 3, 2024, 6, '2024-12-04 04:25:57', '2024-12-04 04:25:57'),
	(226, 4, 7, 2, 'displaced', 23, 3, 2024, 6, '2024-12-04 04:25:57', '2024-12-04 04:25:57'),
	(227, 5, 7, 2, 'displaced', 30, 3, 2024, 6, '2024-12-04 04:25:57', '2024-12-04 04:25:57'),
	(228, 6, 7, 2, 'displaced', 33, 3, 2024, 6, '2024-12-04 04:25:57', '2024-12-04 04:25:57'),
	(229, 7, 7, 2, 'displaced', 24, 3, 2024, 6, '2024-12-04 04:25:57', '2024-12-04 04:25:57'),
	(230, 8, 7, 2, 'displaced', 3, 3, 2024, 6, '2024-12-04 04:25:57', '2024-12-04 04:25:57'),
	(231, 9, 7, 2, 'displaced', 9, 3, 2024, 6, '2024-12-04 04:25:57', '2024-12-04 04:25:57'),
	(232, 10, 7, 2, 'displaced', 5, 3, 2024, 6, '2024-12-04 04:25:57', '2024-12-04 04:25:57'),
	(233, 11, 7, 2, 'displaced', 15, 3, 2024, 6, '2024-12-04 04:25:57', '2024-12-04 04:25:57'),
	(234, 12, 7, 2, 'displaced', 36, 3, 2024, 6, '2024-12-04 04:25:57', '2024-12-04 04:25:57'),
	(235, 13, 7, 2, 'displaced', 15, 3, 2024, 6, '2024-12-04 04:25:57', '2024-12-04 04:25:57'),
	(236, 14, 7, 2, 'displaced', 12, 3, 2024, 6, '2024-12-04 04:25:57', '2024-12-04 04:25:57'),
	(237, 15, 7, 2, 'displaced', 46, 3, 2024, 6, '2024-12-04 04:25:57', '2024-12-04 04:25:57'),
	(238, 16, 7, 2, 'displaced', 7, 3, 2024, 6, '2024-12-04 04:25:57', '2024-12-04 04:25:57'),
	(239, 17, 7, 2, 'displaced', 19, 3, 2024, 6, '2024-12-04 04:25:57', '2024-12-04 04:25:57'),
	(240, 1, 1, 1, 'bmi', 19, 3, 2025, 6, '2024-12-04 04:29:36', '2024-12-04 04:29:36'),
	(241, 3, 1, 1, 'bmi', 7, 3, 2025, 6, '2024-12-04 04:29:36', '2024-12-04 04:29:36'),
	(242, 4, 1, 1, 'bmi', 15, 3, 2025, 6, '2024-12-04 04:29:36', '2024-12-04 04:29:36'),
	(243, 5, 1, 1, 'bmi', 18, 3, 2025, 6, '2024-12-04 04:29:36', '2024-12-04 04:29:36'),
	(244, 12, 1, 1, 'bmi', 14, 3, 2025, 6, '2024-12-04 04:29:36', '2024-12-04 04:29:36'),
	(245, 15, 1, 1, 'bmi', 15, 3, 2025, 6, '2024-12-04 04:29:36', '2024-12-04 04:29:36'),
	(246, 16, 1, 1, 'bmi', 19, 3, 2025, 6, '2024-12-04 04:29:36', '2024-12-04 04:29:36'),
	(247, 17, 1, 1, 'bmi', 17, 3, 2025, 6, '2024-12-04 04:29:36', '2024-12-04 04:29:36'),
	(248, 1, 1, 2, 'bmi', 17, 3, 2025, 6, '2024-12-04 04:29:36', '2024-12-04 04:29:36'),
	(249, 3, 1, 2, 'bmi', 4, 3, 2025, 6, '2024-12-04 04:29:36', '2024-12-04 04:29:36'),
	(250, 4, 1, 2, 'bmi', 19, 3, 2025, 6, '2024-12-04 04:29:36', '2024-12-04 04:29:36'),
	(251, 5, 1, 2, 'bmi', 22, 3, 2025, 6, '2024-12-04 04:29:36', '2024-12-04 04:29:36'),
	(252, 12, 1, 2, 'bmi', 15, 3, 2025, 6, '2024-12-04 04:29:36', '2024-12-04 04:29:36'),
	(253, 15, 1, 2, 'bmi', 18, 3, 2025, 6, '2024-12-04 04:29:36', '2024-12-04 04:29:36'),
	(254, 16, 1, 2, 'bmi', 15, 3, 2025, 6, '2024-12-04 04:29:36', '2024-12-04 04:29:36'),
	(255, 17, 1, 2, 'bmi', 20, 3, 2025, 6, '2024-12-04 04:29:36', '2024-12-04 04:29:36'),
	(256, 1, 1, 1, 'displaced', 24, 4, 2025, 6, '2024-12-04 10:36:02', '2024-12-04 10:36:02'),
	(257, 2, 1, 1, 'displaced', 48, 4, 2025, 6, '2024-12-04 10:36:02', '2024-12-04 10:36:02'),
	(258, 3, 1, 1, 'displaced', 14, 4, 2025, 6, '2024-12-04 10:36:02', '2024-12-04 10:36:02'),
	(259, 4, 1, 1, 'displaced', 15, 4, 2025, 6, '2024-12-04 10:36:02', '2024-12-04 10:36:02'),
	(260, 5, 1, 1, 'displaced', 28, 4, 2025, 6, '2024-12-04 10:36:02', '2024-12-04 10:36:02'),
	(261, 6, 1, 1, 'displaced', 33, 4, 2025, 6, '2024-12-04 10:36:02', '2024-12-04 10:36:02'),
	(262, 7, 1, 1, 'displaced', 15, 4, 2025, 6, '2024-12-04 10:36:02', '2024-12-04 10:36:02'),
	(263, 8, 1, 1, 'displaced', 5, 4, 2025, 6, '2024-12-04 10:36:02', '2024-12-04 10:36:02'),
	(264, 9, 1, 1, 'displaced', 15, 4, 2025, 6, '2024-12-04 10:36:02', '2024-12-04 10:36:02'),
	(265, 10, 1, 1, 'displaced', 14, 4, 2025, 6, '2024-12-04 10:36:02', '2024-12-04 10:36:02'),
	(266, 11, 1, 1, 'displaced', 7, 4, 2025, 6, '2024-12-04 10:36:02', '2024-12-04 10:36:02'),
	(267, 12, 1, 1, 'displaced', 25, 4, 2025, 6, '2024-12-04 10:36:02', '2024-12-04 10:36:02'),
	(268, 13, 1, 1, 'displaced', 27, 4, 2025, 6, '2024-12-04 10:36:02', '2024-12-04 10:36:02'),
	(269, 14, 1, 1, 'displaced', 18, 4, 2025, 6, '2024-12-04 10:36:02', '2024-12-04 10:36:02'),
	(270, 15, 1, 1, 'displaced', 38, 4, 2025, 6, '2024-12-04 10:36:02', '2024-12-04 10:36:02'),
	(271, 16, 1, 1, 'displaced', 15, 4, 2025, 6, '2024-12-04 10:36:02', '2024-12-04 10:36:02'),
	(272, 17, 1, 1, 'displaced', 22, 4, 2025, 6, '2024-12-04 10:36:02', '2024-12-04 10:36:02'),
	(273, 1, 1, 2, 'displaced', 23, 4, 2025, 6, '2024-12-04 10:36:02', '2024-12-04 10:36:02'),
	(274, 2, 1, 2, 'displaced', 58, 4, 2025, 6, '2024-12-04 10:36:02', '2024-12-04 10:36:02'),
	(275, 3, 1, 2, 'displaced', 10, 4, 2025, 6, '2024-12-04 10:36:02', '2024-12-04 10:36:02'),
	(276, 4, 1, 2, 'displaced', 17, 4, 2025, 6, '2024-12-04 10:36:02', '2024-12-04 10:36:02'),
	(277, 5, 1, 2, 'displaced', 16, 4, 2025, 6, '2024-12-04 10:36:02', '2024-12-04 10:36:02'),
	(278, 6, 1, 2, 'displaced', 31, 4, 2025, 6, '2024-12-04 10:36:02', '2024-12-04 10:36:02'),
	(279, 7, 1, 2, 'displaced', 17, 4, 2025, 6, '2024-12-04 10:36:02', '2024-12-04 10:36:02'),
	(280, 8, 1, 2, 'displaced', 7, 4, 2025, 6, '2024-12-04 10:36:02', '2024-12-04 10:36:02'),
	(281, 9, 1, 2, 'displaced', 8, 4, 2025, 6, '2024-12-04 10:36:02', '2024-12-04 10:36:02'),
	(282, 10, 1, 2, 'displaced', 10, 4, 2025, 6, '2024-12-04 10:36:02', '2024-12-04 10:36:02'),
	(283, 11, 1, 2, 'displaced', 9, 4, 2025, 6, '2024-12-04 10:36:02', '2024-12-04 10:36:02'),
	(284, 12, 1, 2, 'displaced', 16, 4, 2025, 6, '2024-12-04 10:36:02', '2024-12-04 10:36:02'),
	(285, 13, 1, 2, 'displaced', 21, 4, 2025, 6, '2024-12-04 10:36:02', '2024-12-04 10:36:02'),
	(286, 14, 1, 2, 'displaced', 11, 4, 2025, 6, '2024-12-04 10:36:02', '2024-12-04 10:36:02'),
	(287, 15, 1, 2, 'displaced', 42, 4, 2025, 6, '2024-12-04 10:36:02', '2024-12-04 10:36:02'),
	(288, 16, 1, 2, 'displaced', 14, 4, 2025, 6, '2024-12-04 10:36:02', '2024-12-04 10:36:02'),
	(289, 17, 1, 2, 'displaced', 22, 4, 2025, 6, '2024-12-04 10:36:02', '2024-12-04 10:36:02'),
	(290, 1, 2, 1, 'displaced', 32, 4, 2025, 6, '2024-12-04 10:37:26', '2024-12-04 10:37:26'),
	(291, 2, 2, 1, 'displaced', 97, 4, 2025, 6, '2024-12-04 10:37:26', '2024-12-04 10:37:26'),
	(292, 3, 2, 1, 'displaced', 25, 4, 2025, 6, '2024-12-04 10:37:26', '2024-12-04 10:37:26'),
	(293, 4, 2, 1, 'displaced', 30, 4, 2025, 6, '2024-12-04 10:37:26', '2024-12-04 10:37:26'),
	(294, 5, 2, 1, 'displaced', 23, 4, 2025, 6, '2024-12-04 10:37:26', '2024-12-04 10:37:26'),
	(295, 6, 2, 1, 'displaced', 27, 4, 2025, 6, '2024-12-04 10:37:26', '2024-12-04 10:37:26'),
	(296, 7, 2, 1, 'displaced', 13, 4, 2025, 6, '2024-12-04 10:37:26', '2024-12-04 10:37:26'),
	(297, 8, 2, 1, 'displaced', 7, 4, 2025, 6, '2024-12-04 10:37:26', '2024-12-04 10:37:26'),
	(298, 9, 2, 1, 'displaced', 15, 4, 2025, 6, '2024-12-04 10:37:26', '2024-12-04 10:37:26'),
	(299, 10, 2, 1, 'displaced', 15, 4, 2025, 6, '2024-12-04 10:37:26', '2024-12-04 10:37:26'),
	(300, 11, 2, 1, 'displaced', 9, 4, 2025, 6, '2024-12-04 10:37:26', '2024-12-04 10:37:26'),
	(301, 12, 2, 1, 'displaced', 37, 4, 2025, 6, '2024-12-04 10:37:26', '2024-12-04 10:37:26'),
	(302, 13, 2, 1, 'displaced', 20, 4, 2025, 6, '2024-12-04 10:37:26', '2024-12-04 10:37:26'),
	(303, 14, 2, 1, 'displaced', 20, 4, 2025, 6, '2024-12-04 10:37:26', '2024-12-04 10:37:26'),
	(304, 15, 2, 1, 'displaced', 52, 4, 2025, 6, '2024-12-04 10:37:26', '2024-12-04 10:37:26'),
	(305, 16, 2, 1, 'displaced', 28, 4, 2025, 6, '2024-12-04 10:37:26', '2024-12-04 10:37:26'),
	(306, 17, 2, 1, 'displaced', 29, 4, 2025, 6, '2024-12-04 10:37:26', '2024-12-04 10:37:26'),
	(307, 1, 2, 2, 'displaced', 19, 4, 2025, 6, '2024-12-04 10:37:26', '2024-12-04 10:37:26'),
	(308, 2, 2, 2, 'displaced', 106, 4, 2025, 6, '2024-12-04 10:37:26', '2024-12-04 10:37:26'),
	(309, 3, 2, 2, 'displaced', 27, 4, 2025, 6, '2024-12-04 10:37:26', '2024-12-04 10:37:26'),
	(310, 4, 2, 2, 'displaced', 29, 4, 2025, 6, '2024-12-04 10:37:26', '2024-12-04 10:37:26'),
	(311, 5, 2, 2, 'displaced', 21, 4, 2025, 6, '2024-12-04 10:37:26', '2024-12-04 10:37:26'),
	(312, 6, 2, 2, 'displaced', 21, 4, 2025, 6, '2024-12-04 10:37:26', '2024-12-04 10:37:26'),
	(313, 7, 2, 2, 'displaced', 13, 4, 2025, 6, '2024-12-04 10:37:26', '2024-12-04 10:37:26'),
	(314, 8, 2, 2, 'displaced', 5, 4, 2025, 6, '2024-12-04 10:37:26', '2024-12-04 10:37:26'),
	(315, 9, 2, 2, 'displaced', 12, 4, 2025, 6, '2024-12-04 10:37:26', '2024-12-04 10:37:26'),
	(316, 10, 2, 2, 'displaced', 5, 4, 2025, 6, '2024-12-04 10:37:26', '2024-12-04 10:37:26'),
	(317, 11, 2, 2, 'displaced', 9, 4, 2025, 6, '2024-12-04 10:37:26', '2024-12-04 10:37:26'),
	(318, 12, 2, 2, 'displaced', 24, 4, 2025, 6, '2024-12-04 10:37:26', '2024-12-04 10:37:26'),
	(319, 13, 2, 2, 'displaced', 25, 4, 2025, 6, '2024-12-04 10:37:26', '2024-12-04 10:37:26'),
	(320, 14, 2, 2, 'displaced', 14, 4, 2025, 6, '2024-12-04 10:37:26', '2024-12-04 10:37:26'),
	(321, 15, 2, 2, 'displaced', 47, 4, 2025, 6, '2024-12-04 10:37:26', '2024-12-04 10:37:26'),
	(322, 16, 2, 2, 'displaced', 23, 4, 2025, 6, '2024-12-04 10:37:26', '2024-12-04 10:37:26'),
	(323, 17, 2, 2, 'displaced', 16, 4, 2025, 6, '2024-12-04 10:37:26', '2024-12-04 10:37:26'),
	(324, 1, 3, 1, 'displaced', 33, 4, 2025, 6, '2024-12-04 10:38:28', '2024-12-04 10:38:28'),
	(325, 2, 3, 1, 'displaced', 90, 4, 2025, 6, '2024-12-04 10:38:28', '2024-12-04 10:38:28'),
	(326, 3, 3, 1, 'displaced', 12, 4, 2025, 6, '2024-12-04 10:38:28', '2024-12-04 10:38:28'),
	(327, 4, 3, 1, 'displaced', 29, 4, 2025, 6, '2024-12-04 10:38:28', '2024-12-04 10:38:28'),
	(328, 5, 3, 1, 'displaced', 28, 4, 2025, 6, '2024-12-04 10:38:28', '2024-12-04 10:38:28'),
	(329, 6, 3, 1, 'displaced', 32, 4, 2025, 6, '2024-12-04 10:38:28', '2024-12-04 10:38:28'),
	(330, 7, 3, 1, 'displaced', 21, 4, 2025, 6, '2024-12-04 10:38:28', '2024-12-04 10:38:28'),
	(331, 8, 3, 1, 'displaced', 5, 4, 2025, 6, '2024-12-04 10:38:28', '2024-12-04 10:38:28'),
	(332, 9, 3, 1, 'displaced', 3, 4, 2025, 6, '2024-12-04 10:38:28', '2024-12-04 10:38:28'),
	(333, 10, 3, 1, 'displaced', 9, 4, 2025, 6, '2024-12-04 10:38:28', '2024-12-04 10:38:28'),
	(334, 11, 3, 1, 'displaced', 17, 4, 2025, 6, '2024-12-04 10:38:28', '2024-12-04 10:38:28'),
	(335, 12, 3, 1, 'displaced', 29, 4, 2025, 6, '2024-12-04 10:38:28', '2024-12-04 10:38:28'),
	(336, 13, 3, 1, 'displaced', 22, 4, 2025, 6, '2024-12-04 10:38:28', '2024-12-04 10:38:28'),
	(337, 14, 3, 1, 'displaced', 22, 4, 2025, 6, '2024-12-04 10:38:28', '2024-12-04 10:38:28'),
	(338, 15, 3, 1, 'displaced', 49, 4, 2025, 6, '2024-12-04 10:38:28', '2024-12-04 10:38:28'),
	(339, 16, 3, 1, 'displaced', 15, 4, 2025, 6, '2024-12-04 10:38:28', '2024-12-04 10:38:28'),
	(340, 17, 3, 1, 'displaced', 25, 4, 2025, 6, '2024-12-04 10:38:28', '2024-12-04 10:38:28'),
	(341, 1, 3, 2, 'displaced', 22, 4, 2025, 6, '2024-12-04 10:38:28', '2024-12-04 10:38:28'),
	(342, 2, 3, 2, 'displaced', 100, 4, 2025, 6, '2024-12-04 10:38:28', '2024-12-04 10:38:28'),
	(343, 3, 3, 2, 'displaced', 23, 4, 2025, 6, '2024-12-04 10:38:28', '2024-12-04 10:38:28'),
	(344, 4, 3, 2, 'displaced', 29, 4, 2025, 6, '2024-12-04 10:38:28', '2024-12-04 10:38:28'),
	(345, 5, 3, 2, 'displaced', 22, 4, 2025, 6, '2024-12-04 10:38:28', '2024-12-04 10:38:28'),
	(346, 6, 3, 2, 'displaced', 35, 4, 2025, 6, '2024-12-04 10:38:28', '2024-12-04 10:38:28'),
	(347, 7, 3, 2, 'displaced', 20, 4, 2025, 6, '2024-12-04 10:38:28', '2024-12-04 10:38:28'),
	(348, 8, 3, 2, 'displaced', 9, 4, 2025, 6, '2024-12-04 10:38:28', '2024-12-04 10:38:28'),
	(349, 9, 3, 2, 'displaced', 11, 4, 2025, 6, '2024-12-04 10:38:28', '2024-12-04 10:38:28'),
	(350, 10, 3, 2, 'displaced', 4, 4, 2025, 6, '2024-12-04 10:38:28', '2024-12-04 10:38:28'),
	(351, 11, 3, 2, 'displaced', 16, 4, 2025, 6, '2024-12-04 10:38:28', '2024-12-04 10:38:28'),
	(352, 12, 3, 2, 'displaced', 27, 4, 2025, 6, '2024-12-04 10:38:28', '2024-12-04 10:38:28'),
	(353, 13, 3, 2, 'displaced', 20, 4, 2025, 6, '2024-12-04 10:38:28', '2024-12-04 10:38:28'),
	(354, 14, 3, 2, 'displaced', 12, 4, 2025, 6, '2024-12-04 10:38:28', '2024-12-04 10:38:28'),
	(355, 15, 3, 2, 'displaced', 33, 4, 2025, 6, '2024-12-04 10:38:28', '2024-12-04 10:38:28'),
	(356, 16, 3, 2, 'displaced', 23, 4, 2025, 6, '2024-12-04 10:38:28', '2024-12-04 10:38:28'),
	(357, 17, 3, 2, 'displaced', 25, 4, 2025, 6, '2024-12-04 10:38:28', '2024-12-04 10:38:28'),
	(358, 1, 4, 1, 'displaced', 25, 4, 2025, 6, '2024-12-04 10:39:41', '2024-12-04 10:39:41'),
	(359, 2, 4, 1, 'displaced', 104, 4, 2025, 6, '2024-12-04 10:39:41', '2024-12-04 10:39:41'),
	(360, 3, 4, 1, 'displaced', 23, 4, 2025, 6, '2024-12-04 10:39:41', '2024-12-04 10:39:41'),
	(361, 4, 4, 1, 'displaced', 40, 4, 2025, 6, '2024-12-04 10:39:41', '2024-12-04 10:39:41'),
	(362, 5, 4, 1, 'displaced', 25, 4, 2025, 6, '2024-12-04 10:39:41', '2024-12-04 10:39:41'),
	(363, 6, 4, 1, 'displaced', 42, 4, 2025, 6, '2024-12-04 10:39:41', '2024-12-04 10:39:41'),
	(364, 7, 4, 1, 'displaced', 16, 4, 2025, 6, '2024-12-04 10:39:41', '2024-12-04 10:39:41'),
	(365, 8, 4, 1, 'displaced', 4, 4, 2025, 6, '2024-12-04 10:39:42', '2024-12-04 10:39:42'),
	(366, 9, 4, 1, 'displaced', 5, 4, 2025, 6, '2024-12-04 10:39:42', '2024-12-04 10:39:42'),
	(367, 10, 4, 1, 'displaced', 6, 4, 2025, 6, '2024-12-04 10:39:42', '2024-12-04 10:39:42'),
	(368, 11, 4, 1, 'displaced', 16, 4, 2025, 6, '2024-12-04 10:39:42', '2024-12-04 10:39:42'),
	(369, 12, 4, 1, 'displaced', 24, 4, 2025, 6, '2024-12-04 10:39:42', '2024-12-04 10:39:42'),
	(370, 13, 4, 1, 'displaced', 23, 4, 2025, 6, '2024-12-04 10:39:42', '2024-12-04 10:39:42'),
	(371, 14, 4, 1, 'displaced', 22, 4, 2025, 6, '2024-12-04 10:39:42', '2024-12-04 10:39:42'),
	(372, 15, 4, 1, 'displaced', 44, 4, 2025, 6, '2024-12-04 10:39:42', '2024-12-04 10:39:42'),
	(373, 16, 4, 1, 'displaced', 19, 4, 2025, 6, '2024-12-04 10:39:42', '2024-12-04 10:39:42'),
	(374, 17, 4, 1, 'displaced', 21, 4, 2025, 6, '2024-12-04 10:39:42', '2024-12-04 10:39:42'),
	(375, 1, 4, 2, 'displaced', 11, 4, 2025, 6, '2024-12-04 10:39:42', '2024-12-04 10:39:42'),
	(376, 2, 4, 2, 'displaced', 97, 4, 2025, 6, '2024-12-04 10:39:42', '2024-12-04 10:39:42'),
	(377, 3, 4, 2, 'displaced', 18, 4, 2025, 6, '2024-12-04 10:39:42', '2024-12-04 10:39:42'),
	(378, 4, 4, 2, 'displaced', 41, 4, 2025, 6, '2024-12-04 10:39:42', '2024-12-04 10:39:42'),
	(379, 5, 4, 2, 'displaced', 20, 4, 2025, 6, '2024-12-04 10:39:42', '2024-12-04 10:39:42'),
	(380, 6, 4, 2, 'displaced', 35, 4, 2025, 6, '2024-12-04 10:39:42', '2024-12-04 10:39:42'),
	(381, 7, 4, 2, 'displaced', 18, 4, 2025, 6, '2024-12-04 10:39:42', '2024-12-04 10:39:42'),
	(382, 8, 4, 2, 'displaced', 5, 4, 2025, 6, '2024-12-04 10:39:42', '2024-12-04 10:39:42'),
	(383, 9, 4, 2, 'displaced', 12, 4, 2025, 6, '2024-12-04 10:39:42', '2024-12-04 10:39:42'),
	(384, 10, 4, 2, 'displaced', 12, 4, 2025, 6, '2024-12-04 10:39:42', '2024-12-04 10:39:42'),
	(385, 11, 4, 2, 'displaced', 9, 4, 2025, 6, '2024-12-04 10:39:42', '2024-12-04 10:39:42'),
	(386, 12, 4, 2, 'displaced', 27, 4, 2025, 6, '2024-12-04 10:39:42', '2024-12-04 10:39:42'),
	(387, 13, 4, 2, 'displaced', 18, 4, 2025, 6, '2024-12-04 10:39:42', '2024-12-04 10:39:42'),
	(388, 14, 4, 2, 'displaced', 13, 4, 2025, 6, '2024-12-04 10:39:42', '2024-12-04 10:39:42'),
	(389, 15, 4, 2, 'displaced', 37, 4, 2025, 6, '2024-12-04 10:39:42', '2024-12-04 10:39:42'),
	(390, 16, 4, 2, 'displaced', 18, 4, 2025, 6, '2024-12-04 10:39:42', '2024-12-04 10:39:42'),
	(391, 17, 4, 2, 'displaced', 22, 4, 2025, 6, '2024-12-04 10:39:42', '2024-12-04 10:39:42'),
	(392, 1, 5, 1, 'displaced', 17, 4, 2025, 6, '2024-12-04 10:40:36', '2024-12-04 10:40:36'),
	(393, 2, 5, 1, 'displaced', 85, 4, 2025, 6, '2024-12-04 10:40:36', '2024-12-04 10:40:36'),
	(394, 3, 5, 1, 'displaced', 33, 4, 2025, 6, '2024-12-04 10:40:36', '2024-12-04 10:40:36'),
	(395, 4, 5, 1, 'displaced', 27, 4, 2025, 6, '2024-12-04 10:40:36', '2024-12-04 10:40:36'),
	(396, 5, 5, 1, 'displaced', 22, 4, 2025, 6, '2024-12-04 10:40:36', '2024-12-04 10:40:36'),
	(397, 6, 5, 1, 'displaced', 14, 4, 2025, 6, '2024-12-04 10:40:36', '2024-12-04 10:40:36'),
	(398, 7, 5, 1, 'displaced', 9, 4, 2025, 6, '2024-12-04 10:40:36', '2024-12-04 10:40:36'),
	(399, 8, 5, 1, 'displaced', 4, 4, 2025, 6, '2024-12-04 10:40:36', '2024-12-04 10:40:36'),
	(400, 9, 5, 1, 'displaced', 7, 4, 2025, 6, '2024-12-04 10:40:36', '2024-12-04 10:40:36'),
	(401, 10, 5, 1, 'displaced', 10, 4, 2025, 6, '2024-12-04 10:40:36', '2024-12-04 10:40:36'),
	(402, 11, 5, 1, 'displaced', 7, 4, 2025, 6, '2024-12-04 10:40:36', '2024-12-04 10:40:36'),
	(403, 12, 5, 1, 'displaced', 22, 4, 2025, 6, '2024-12-04 10:40:36', '2024-12-04 10:40:36'),
	(404, 13, 5, 1, 'displaced', 17, 4, 2025, 6, '2024-12-04 10:40:36', '2024-12-04 10:40:36'),
	(405, 14, 5, 1, 'displaced', 12, 4, 2025, 6, '2024-12-04 10:40:36', '2024-12-04 10:40:36'),
	(406, 15, 5, 1, 'displaced', 32, 4, 2025, 6, '2024-12-04 10:40:36', '2024-12-04 10:40:36'),
	(407, 16, 5, 1, 'displaced', 13, 4, 2025, 6, '2024-12-04 10:40:36', '2024-12-04 10:40:36'),
	(408, 17, 5, 1, 'displaced', 28, 4, 2025, 6, '2024-12-04 10:40:36', '2024-12-04 10:40:36'),
	(409, 1, 5, 2, 'displaced', 21, 4, 2025, 6, '2024-12-04 10:40:36', '2024-12-04 10:40:36'),
	(410, 2, 5, 2, 'displaced', 81, 4, 2025, 6, '2024-12-04 10:40:36', '2024-12-04 10:40:36'),
	(411, 3, 5, 2, 'displaced', 13, 4, 2025, 6, '2024-12-04 10:40:36', '2024-12-04 10:40:36'),
	(412, 4, 5, 2, 'displaced', 22, 4, 2025, 6, '2024-12-04 10:40:36', '2024-12-04 10:40:36'),
	(413, 5, 5, 2, 'displaced', 20, 4, 2025, 6, '2024-12-04 10:40:36', '2024-12-04 10:40:36'),
	(414, 6, 5, 2, 'displaced', 22, 4, 2025, 6, '2024-12-04 10:40:36', '2024-12-04 10:40:36'),
	(415, 7, 5, 2, 'displaced', 9, 4, 2025, 6, '2024-12-04 10:40:36', '2024-12-04 10:40:36'),
	(416, 8, 5, 2, 'displaced', 5, 4, 2025, 6, '2024-12-04 10:40:36', '2024-12-04 10:40:36'),
	(417, 9, 5, 2, 'displaced', 7, 4, 2025, 6, '2024-12-04 10:40:36', '2024-12-04 10:40:36'),
	(418, 10, 5, 2, 'displaced', 3, 4, 2025, 6, '2024-12-04 10:40:36', '2024-12-04 10:40:36'),
	(419, 11, 5, 2, 'displaced', 11, 4, 2025, 6, '2024-12-04 10:40:36', '2024-12-04 10:40:36'),
	(420, 12, 5, 2, 'displaced', 13, 4, 2025, 6, '2024-12-04 10:40:36', '2024-12-04 10:40:36'),
	(421, 13, 5, 2, 'displaced', 9, 4, 2025, 6, '2024-12-04 10:40:36', '2024-12-04 10:40:36'),
	(422, 14, 5, 2, 'displaced', 14, 4, 2025, 6, '2024-12-04 10:40:36', '2024-12-04 10:40:36'),
	(423, 15, 5, 2, 'displaced', 24, 4, 2025, 6, '2024-12-04 10:40:36', '2024-12-04 10:40:36'),
	(424, 16, 5, 2, 'displaced', 20, 4, 2025, 6, '2024-12-04 10:40:36', '2024-12-04 10:40:36'),
	(425, 17, 5, 2, 'displaced', 17, 4, 2025, 6, '2024-12-04 10:40:36', '2024-12-04 10:40:36'),
	(426, 1, 6, 1, 'displaced', 22, 4, 2025, 6, '2024-12-04 10:41:33', '2024-12-04 10:41:33'),
	(427, 2, 6, 1, 'displaced', 99, 4, 2025, 6, '2024-12-04 10:41:33', '2024-12-04 10:41:33'),
	(428, 3, 6, 1, 'displaced', 22, 4, 2025, 6, '2024-12-04 10:41:33', '2024-12-04 10:41:33'),
	(429, 4, 6, 1, 'displaced', 30, 4, 2025, 6, '2024-12-04 10:41:33', '2024-12-04 10:41:33'),
	(430, 5, 6, 1, 'displaced', 32, 4, 2025, 6, '2024-12-04 10:41:33', '2024-12-04 10:41:33'),
	(431, 6, 6, 1, 'displaced', 35, 4, 2025, 6, '2024-12-04 10:41:33', '2024-12-04 10:41:33'),
	(432, 7, 6, 1, 'displaced', 17, 4, 2025, 6, '2024-12-04 10:41:33', '2024-12-04 10:41:33'),
	(433, 8, 6, 1, 'displaced', 6, 4, 2025, 6, '2024-12-04 10:41:33', '2024-12-04 10:41:33'),
	(434, 9, 6, 1, 'displaced', 8, 4, 2025, 6, '2024-12-04 10:41:33', '2024-12-04 10:41:33'),
	(435, 10, 6, 1, 'displaced', 7, 4, 2025, 6, '2024-12-04 10:41:33', '2024-12-04 10:41:33'),
	(436, 11, 6, 1, 'displaced', 15, 4, 2025, 6, '2024-12-04 10:41:33', '2024-12-04 10:41:33'),
	(437, 12, 6, 1, 'displaced', 37, 4, 2025, 6, '2024-12-04 10:41:33', '2024-12-04 10:41:33'),
	(438, 13, 6, 1, 'displaced', 22, 4, 2025, 6, '2024-12-04 10:41:33', '2024-12-04 10:41:33'),
	(439, 14, 6, 1, 'displaced', 13, 4, 2025, 6, '2024-12-04 10:41:33', '2024-12-04 10:41:33'),
	(440, 15, 6, 1, 'displaced', 44, 4, 2025, 6, '2024-12-04 10:41:33', '2024-12-04 10:41:33'),
	(441, 16, 6, 1, 'displaced', 18, 4, 2025, 6, '2024-12-04 10:41:33', '2024-12-04 10:41:33'),
	(442, 17, 6, 1, 'displaced', 25, 4, 2025, 6, '2024-12-04 10:41:33', '2024-12-04 10:41:33'),
	(443, 1, 6, 2, 'displaced', 18, 4, 2025, 6, '2024-12-04 10:41:33', '2024-12-04 10:41:33'),
	(444, 2, 6, 2, 'displaced', 86, 4, 2025, 6, '2024-12-04 10:41:33', '2024-12-04 10:41:33'),
	(445, 3, 6, 2, 'displaced', 21, 4, 2025, 6, '2024-12-04 10:41:33', '2024-12-04 10:41:33'),
	(446, 4, 6, 2, 'displaced', 35, 4, 2025, 6, '2024-12-04 10:41:33', '2024-12-04 10:41:33'),
	(447, 5, 6, 2, 'displaced', 27, 4, 2025, 6, '2024-12-04 10:41:33', '2024-12-04 10:41:33'),
	(448, 6, 6, 2, 'displaced', 28, 4, 2025, 6, '2024-12-04 10:41:33', '2024-12-04 10:41:33'),
	(449, 7, 6, 2, 'displaced', 15, 4, 2025, 6, '2024-12-04 10:41:33', '2024-12-04 10:41:33'),
	(450, 8, 6, 2, 'displaced', 3, 4, 2025, 6, '2024-12-04 10:41:33', '2024-12-04 10:41:33'),
	(451, 9, 6, 2, 'displaced', 14, 4, 2025, 6, '2024-12-04 10:41:33', '2024-12-04 10:41:33'),
	(452, 10, 6, 2, 'displaced', 5, 4, 2025, 6, '2024-12-04 10:41:33', '2024-12-04 10:41:33'),
	(453, 11, 6, 2, 'displaced', 8, 4, 2025, 6, '2024-12-04 10:41:33', '2024-12-04 10:41:33'),
	(454, 12, 6, 2, 'displaced', 22, 4, 2025, 6, '2024-12-04 10:41:33', '2024-12-04 10:41:33'),
	(455, 13, 6, 2, 'displaced', 18, 4, 2025, 6, '2024-12-04 10:41:33', '2024-12-04 10:41:33'),
	(456, 14, 6, 2, 'displaced', 16, 4, 2025, 6, '2024-12-04 10:41:33', '2024-12-04 10:41:33'),
	(457, 15, 6, 2, 'displaced', 41, 4, 2025, 6, '2024-12-04 10:41:33', '2024-12-04 10:41:33'),
	(458, 16, 6, 2, 'displaced', 7, 4, 2025, 6, '2024-12-04 10:41:33', '2024-12-04 10:41:33'),
	(459, 17, 6, 2, 'displaced', 29, 4, 2025, 6, '2024-12-04 10:41:33', '2024-12-04 10:41:33'),
	(460, 1, 7, 1, 'displaced', 19, 4, 2025, 6, '2024-12-04 10:42:40', '2024-12-04 10:42:40'),
	(461, 2, 7, 1, 'displaced', 109, 4, 2025, 6, '2024-12-04 10:42:40', '2024-12-04 10:42:40'),
	(462, 3, 7, 1, 'displaced', 25, 4, 2025, 6, '2024-12-04 10:42:40', '2024-12-04 10:42:40'),
	(463, 4, 7, 1, 'displaced', 39, 4, 2025, 6, '2024-12-04 10:42:40', '2024-12-04 10:42:40'),
	(464, 5, 7, 1, 'displaced', 33, 4, 2025, 6, '2024-12-04 10:42:40', '2024-12-04 10:42:40'),
	(465, 6, 7, 1, 'displaced', 35, 4, 2025, 6, '2024-12-04 10:42:40', '2024-12-04 10:42:40'),
	(466, 7, 7, 1, 'displaced', 24, 4, 2025, 6, '2024-12-04 10:42:40', '2024-12-04 10:42:40'),
	(467, 8, 7, 1, 'displaced', 2, 4, 2025, 6, '2024-12-04 10:42:40', '2024-12-04 10:42:40'),
	(468, 9, 7, 1, 'displaced', 5, 4, 2025, 6, '2024-12-04 10:42:40', '2024-12-04 10:42:40'),
	(469, 10, 7, 1, 'displaced', 12, 4, 2025, 6, '2024-12-04 10:42:40', '2024-12-04 10:42:40'),
	(470, 11, 7, 1, 'displaced', 7, 4, 2025, 6, '2024-12-04 10:42:40', '2024-12-04 10:42:40'),
	(471, 12, 7, 1, 'displaced', 34, 4, 2025, 6, '2024-12-04 10:42:40', '2024-12-04 10:42:40'),
	(472, 13, 7, 1, 'displaced', 10, 4, 2025, 6, '2024-12-04 10:42:40', '2024-12-04 10:42:40'),
	(473, 14, 7, 1, 'displaced', 10, 4, 2025, 6, '2024-12-04 10:42:40', '2024-12-04 10:42:40'),
	(474, 15, 7, 1, 'displaced', 56, 4, 2025, 6, '2024-12-04 10:42:40', '2024-12-04 10:42:40'),
	(475, 16, 7, 1, 'displaced', 26, 4, 2025, 6, '2024-12-04 10:42:40', '2024-12-04 10:42:40'),
	(476, 17, 7, 1, 'displaced', 32, 4, 2025, 6, '2024-12-04 10:42:40', '2024-12-04 10:42:40'),
	(477, 1, 7, 2, 'displaced', 17, 4, 2025, 6, '2024-12-04 10:42:40', '2024-12-04 10:42:40'),
	(478, 2, 7, 2, 'displaced', 102, 4, 2025, 6, '2024-12-04 10:42:40', '2024-12-04 10:42:40'),
	(479, 3, 7, 2, 'displaced', 16, 4, 2025, 6, '2024-12-04 10:42:40', '2024-12-04 10:42:40'),
	(480, 4, 7, 2, 'displaced', 23, 4, 2025, 6, '2024-12-04 10:42:40', '2024-12-04 10:42:40'),
	(481, 5, 7, 2, 'displaced', 30, 4, 2025, 6, '2024-12-04 10:42:40', '2024-12-04 10:42:40'),
	(482, 6, 7, 2, 'displaced', 33, 4, 2025, 6, '2024-12-04 10:42:40', '2024-12-04 10:42:40'),
	(483, 7, 7, 2, 'displaced', 24, 4, 2025, 6, '2024-12-04 10:42:40', '2024-12-04 10:42:40'),
	(484, 8, 7, 2, 'displaced', 3, 4, 2025, 6, '2024-12-04 10:42:40', '2024-12-04 10:42:40'),
	(485, 9, 7, 2, 'displaced', 9, 4, 2025, 6, '2024-12-04 10:42:40', '2024-12-04 10:42:40'),
	(486, 10, 7, 2, 'displaced', 5, 4, 2025, 6, '2024-12-04 10:42:40', '2024-12-04 10:42:40'),
	(487, 11, 7, 2, 'displaced', 15, 4, 2025, 6, '2024-12-04 10:42:40', '2024-12-04 10:42:40'),
	(488, 12, 7, 2, 'displaced', 36, 4, 2025, 6, '2024-12-04 10:42:40', '2024-12-04 10:42:40'),
	(489, 13, 7, 2, 'displaced', 15, 4, 2025, 6, '2024-12-04 10:42:40', '2024-12-04 10:42:40'),
	(490, 14, 7, 2, 'displaced', 12, 4, 2025, 6, '2024-12-04 10:42:40', '2024-12-04 10:42:40'),
	(491, 15, 7, 2, 'displaced', 46, 4, 2025, 6, '2024-12-04 10:42:40', '2024-12-04 10:42:40'),
	(492, 16, 7, 2, 'displaced', 7, 4, 2025, 6, '2024-12-04 10:42:40', '2024-12-04 10:42:40'),
	(493, 17, 7, 2, 'displaced', 19, 4, 2025, 6, '2024-12-04 10:42:40', '2024-12-04 10:42:40');

-- Dumping structure for table smea.schools
CREATE TABLE IF NOT EXISTS `schools` (
  `id` int NOT NULL AUTO_INCREMENT,
  `name` text COLLATE utf8mb4_general_ci NOT NULL,
  `address` text COLLATE utf8mb4_general_ci,
  `updated_at` timestamp NULL DEFAULT CURRENT_TIMESTAMP ON UPDATE CURRENT_TIMESTAMP,
  `created_at` timestamp NULL DEFAULT CURRENT_TIMESTAMP,
  PRIMARY KEY (`id`)
) ENGINE=InnoDB AUTO_INCREMENT=22 DEFAULT CHARSET=utf8mb4 COLLATE=utf8mb4_general_ci;

-- Dumping data for table smea.schools: ~20 rows (approximately)
INSERT INTO `schools` (`id`, `name`, `address`, `updated_at`, `created_at`) VALUES
	(1, 'Amontay Elementary School', 'Brgy. Amontay, Binalbagan, Negros Occidental', '2024-05-27 09:02:04', '2024-04-04 05:24:26'),
	(2, 'Binalbagan Elementary School', NULL, '2024-04-04 05:24:26', '2024-04-04 05:24:26'),
	(3, 'Binalbagan South Elementary School', NULL, '2024-04-04 05:24:26', '2024-04-04 05:24:26'),
	(4, 'Canmoros Elementary School', NULL, '2024-04-04 05:24:26', '2024-04-04 05:24:26'),
	(5, 'Don A.y. Locsin Elementary School', NULL, '2024-04-04 05:24:26', '2024-04-04 05:24:26'),
	(6, 'Don Santiago Lazarte Elementary School', NULL, '2024-04-04 05:24:26', '2024-04-04 05:24:26'),
	(7, 'Dona Concepcion Y. Yusay Memorial School', NULL, '2024-12-02 10:35:04', '2024-04-04 05:24:26'),
	(8, 'Mabunga Elementary School', NULL, '2024-04-04 05:24:26', '2024-04-04 05:24:26'),
	(9, 'Marina Elementary School', NULL, '2024-04-04 05:24:26', '2024-04-04 05:24:26'),
	(10, 'Nabu-ac Elementary School', NULL, '2024-04-04 05:24:26', '2024-04-04 05:24:26'),
	(11, 'Nabuswang Elementary School', NULL, '2024-04-04 05:24:26', '2024-04-04 05:24:26'),
	(12, 'Pedro Y. Ditching, Sr. - Bagroy Elementary School', NULL, '2024-04-04 05:24:26', '2024-04-04 05:24:26'),
	(13, 'Porferio S. Porillo Sr. Elementary School', NULL, '2024-04-04 05:24:26', '2024-04-04 05:24:26'),
	(14, 'Progreso Elementary School', NULL, '2024-04-04 05:24:26', '2024-04-04 05:24:26'),
	(15, 'Santol Elementary School', NULL, '2024-04-04 05:24:26', '2024-04-04 05:24:26'),
	(16, 'Tambu Elementary School', NULL, '2024-04-04 05:24:26', '2024-04-04 05:24:26'),
	(17, 'Torres Elementary School', NULL, '2024-04-04 05:24:26', '2024-04-04 05:24:26'),
	(18, 'Binalbagan National High School', NULL, '2024-04-04 05:24:26', '2024-04-04 05:24:26'),
	(19, 'Augurio Maranon Abeto National High School', 'Brgy. Enclaro Binalbagan Negros Occidental', '2024-12-04 01:35:57', '2024-04-04 05:24:26'),
	(20, 'Binalbagan National High School-santol Extension', NULL, '2024-04-04 05:24:26', '2024-04-04 05:24:26');

-- Dumping structure for table smea.school_year
CREATE TABLE IF NOT EXISTS `school_year` (
  `id` int NOT NULL AUTO_INCREMENT,
  `start_month` int NOT NULL DEFAULT '0',
  `start_year` int NOT NULL DEFAULT '0',
  `end_month` int NOT NULL DEFAULT '0',
  `end_year` int NOT NULL DEFAULT '0',
  `updated_at` timestamp NOT NULL DEFAULT CURRENT_TIMESTAMP ON UPDATE CURRENT_TIMESTAMP,
  `created_at` timestamp NOT NULL DEFAULT CURRENT_TIMESTAMP,
  PRIMARY KEY (`id`)
) ENGINE=InnoDB AUTO_INCREMENT=9 DEFAULT CHARSET=utf8mb4 COLLATE=utf8mb4_general_ci;

-- Dumping data for table smea.school_year: ~5 rows (approximately)
INSERT INTO `school_year` (`id`, `start_month`, `start_year`, `end_month`, `end_year`, `updated_at`, `created_at`) VALUES
	(3, 8, 2025, 7, 2026, '2024-12-03 10:25:16', '2024-09-10 23:19:14'),
	(4, 8, 2027, 7, 2028, '2024-12-03 10:25:40', '2024-09-10 23:18:26'),
	(5, 8, 2026, 7, 2027, '2024-12-03 10:25:28', '2024-05-28 08:44:50'),
	(6, 8, 2024, 7, 2025, '2024-09-10 23:19:47', '2024-05-28 08:46:07'),
	(8, 8, 2023, 7, 2024, '2024-12-04 02:27:37', '2024-12-04 02:27:37');

-- Dumping structure for table smea.subjects
CREATE TABLE IF NOT EXISTS `subjects` (
  `id` int NOT NULL AUTO_INCREMENT,
  `name` varchar(255) COLLATE utf8mb4_general_ci DEFAULT NULL,
  `updated_at` timestamp NULL DEFAULT CURRENT_TIMESTAMP ON UPDATE CURRENT_TIMESTAMP,
  `current_timestamp` timestamp NULL DEFAULT CURRENT_TIMESTAMP,
  PRIMARY KEY (`id`)
) ENGINE=InnoDB AUTO_INCREMENT=10 DEFAULT CHARSET=utf8mb4 COLLATE=utf8mb4_general_ci;

-- Dumping data for table smea.subjects: ~9 rows (approximately)
INSERT INTO `subjects` (`id`, `name`, `updated_at`, `current_timestamp`) VALUES
	(1, 'Math', '2024-05-23 12:32:57', '2024-05-23 12:32:57'),
	(2, 'Filipino', '2024-05-23 12:33:04', '2024-05-23 12:33:04'),
	(3, 'English', '2024-05-23 12:33:17', '2024-05-23 12:33:17'),
	(4, 'A.P.', '2024-05-23 12:33:34', '2024-05-23 12:33:20'),
	(5, 'E.S.P.', '2024-05-23 12:33:30', '2024-05-23 12:33:30'),
	(6, 'MTB-MLE', '2024-05-23 12:33:44', '2024-05-23 12:33:44'),
	(7, 'MAPEH', '2024-05-23 12:33:55', '2024-05-23 12:33:55'),
	(8, 'EPP', '2024-05-23 12:34:00', '2024-05-23 12:34:00'),
	(9, 'Science', '2024-05-23 12:34:05', '2024-05-23 12:34:05');

-- Dumping structure for table smea.users
CREATE TABLE IF NOT EXISTS `users` (
  `id` int NOT NULL AUTO_INCREMENT,
  `username` varchar(50) COLLATE utf8mb4_general_ci NOT NULL,
  `password` text COLLATE utf8mb4_general_ci NOT NULL,
  `first_name` text COLLATE utf8mb4_general_ci NOT NULL,
  `last_name` text COLLATE utf8mb4_general_ci NOT NULL,
  `role` int NOT NULL DEFAULT '0',
  `updated_at` timestamp NOT NULL DEFAULT CURRENT_TIMESTAMP,
  `created_at` timestamp NOT NULL DEFAULT CURRENT_TIMESTAMP ON UPDATE CURRENT_TIMESTAMP,
  `school_id` int DEFAULT NULL,
  PRIMARY KEY (`id`),
  KEY `FK_users_roles` (`role`),
  KEY `school_id` (`school_id`),
  CONSTRAINT `FK_users_roles` FOREIGN KEY (`role`) REFERENCES `roles` (`id`) ON DELETE CASCADE ON UPDATE CASCADE,
  CONSTRAINT `users_ibfk_1` FOREIGN KEY (`school_id`) REFERENCES `schools` (`id`)
) ENGINE=InnoDB AUTO_INCREMENT=29 DEFAULT CHARSET=utf8mb4 COLLATE=utf8mb4_general_ci;

-- Dumping data for table smea.users: ~21 rows (approximately)
INSERT INTO `users` (`id`, `username`, `password`, `first_name`, `last_name`, `role`, `updated_at`, `created_at`, `school_id`) VALUES
	(5, 'donaldelma', '5f4dcc3b5aa765d61d8327deb882cf99', 'Donald', 'Elma', 1, '2024-03-18 10:59:36', '2024-12-02 11:44:18', NULL),
	(6, 'bea', '5f4dcc3b5aa765d61d8327deb882cf99', 'Bea', 'Sasi', 2, '2024-03-27 08:31:14', '2024-11-20 07:14:06', 19),
	(9, 'micah ', '6d570bd61e0c1431b1f5e95b8b59edc8', 'Micah ', 'Tabano', 2, '2024-12-02 03:00:55', '2024-12-02 03:00:55', 1),
	(10, 'arnel', '5626e0b00ee8b620f90b1f7fb8d35ead', 'Arnel', 'Baricar', 2, '2024-12-02 03:01:37', '2024-12-02 03:01:37', 2),
	(11, 'melanie', '8a886bbb17092111bb0e12b06b2e9303', 'Melanie', 'Yangan', 2, '2024-12-02 03:03:06', '2024-12-02 03:03:06', 3),
	(13, 'josedadgie', '6f99c10828c483ab5ea1cd678cae9379', 'Jose Dadgie', 'Enoria', 2, '2024-12-03 02:07:40', '2024-12-03 02:08:09', 4),
	(14, 'reymondo', 'a36e89de9ccebda828624310e6875250', 'Reymondo', 'Seva', 2, '2024-12-03 02:08:51', '2024-12-03 02:08:51', 5),
	(15, 'jiji', '0cb1eb413b8f7cee17701a37a1d74dc3', 'Jiji', 'Amit', 2, '2024-12-03 02:09:28', '2024-12-03 02:10:23', 6),
	(16, 'ludwight', '891b035b1470e4b9d05d7176a5115e1a', 'Ludwight', 'Embang', 2, '2024-12-03 02:10:11', '2024-12-03 02:10:11', 7),
	(17, 'annamae', '4bc92541cfd46dbaed899c5090e97382', 'Anna Mae', 'Cayanan', 2, '2024-12-03 02:11:09', '2024-12-03 02:11:09', 8),
	(18, 'ma.regina', 'bbb5ff6dc3826b999a5cf0c2e7b2c889', 'Ma. Regina', 'Garcia', 2, '2024-12-03 02:11:48', '2024-12-03 02:11:48', 9),
	(19, 'apriljoy', 'a39d8591483b67fb637bb445f9f4f059', 'April Joy', 'Sia', 2, '2024-12-03 02:12:47', '2024-12-03 02:12:47', 10),
	(20, 'franklin', '47318c8d0b4d5ea06909af1248422aec', 'Franklin', 'Prat', 2, '2024-12-03 02:13:42', '2024-12-03 02:13:42', 11),
	(21, 'liezel', 'a36e89de9ccebda828624310e6875250', 'Liezel', 'Seva', 2, '2024-12-03 02:17:56', '2024-12-03 02:17:56', 12),
	(22, 'arlyn', 'abf6a9b7313f3bcdfb9c3354c8ba96e1', 'Arlyn', 'Opino', 2, '2024-12-03 02:18:45', '2024-12-03 02:18:45', 13),
	(23, 'mary christine', '452334023cc4a22a2314476ce5058add', 'Mary Christine', 'Lirazan', 2, '2024-12-03 02:23:59', '2024-12-03 02:23:59', 14),
	(24, 'girlie', 'e6dac7a7743a9e4bb7a9f104a4e47f7c', 'Girlie', 'Noquina', 2, '2024-12-03 02:24:47', '2024-12-03 02:24:47', 15),
	(25, 'ma.dona', 'b110c0e14447c85fa9efca49253e9506', 'Ma. Dona', 'Degillo', 2, '2024-12-03 02:25:35', '2024-12-03 02:25:35', 16),
	(26, 'resurrecion', '47318c8d0b4d5ea06909af1248422aec', 'Resurrecion', 'Prat', 2, '2024-12-03 02:26:15', '2024-12-03 02:26:15', 17),
	(27, 'antonio', 'b525abea7eba61c6d09071920e3ad693', 'Antonio', 'Elarcosa', 2, '2024-12-03 02:27:19', '2024-12-03 02:27:19', 18),
	(28, 'jerry', '6403558c0e945a72056d09ac3281f964', 'Jerry', 'Blanco', 2, '2024-12-03 02:30:33', '2024-12-03 02:30:33', 20);

/*!40103 SET TIME_ZONE=IFNULL(@OLD_TIME_ZONE, 'system') */;
/*!40101 SET SQL_MODE=IFNULL(@OLD_SQL_MODE, '') */;
/*!40014 SET FOREIGN_KEY_CHECKS=IFNULL(@OLD_FOREIGN_KEY_CHECKS, 1) */;
/*!40101 SET CHARACTER_SET_CLIENT=@OLD_CHARACTER_SET_CLIENT */;
/*!40111 SET SQL_NOTES=IFNULL(@OLD_SQL_NOTES, 1) */;
